user_genome	classification	fastani_reference	fastani_reference_radius	fastani_taxonomy	fastani_ani	fastani_af	closest_placement_reference	closest_placement_radius	closest_placement_taxonomy	closest_placement_ani	closest_placement_af	pplacer_taxonomy	classification_method	note	other_related_references(genome_id,species_name,radius,ANI,AF)	msa_percent	translation_table	red_value	warnings	gcf_id
id0	d__Bacteria;p__Bacillota;c__Bacilli;o__Bacillales_D;f__Amphibacillaceae;g__Oceanobacillus;s__Oceanobacillus caeni	GCF_019037185.1	95.0	d__Bacteria;p__Bacillota;c__Bacilli;o__Bacillales_D;f__Amphibacillaceae;g__Oceanobacillus;s__Oceanobacillus caeni	98.64	0.887	GCF_019037185.1	95.0	d__Bacteria;p__Bacillota;c__Bacilli;o__Bacillales_D;f__Amphibacillaceae;g__Oceanobacillus;s__Oceanobacillus caeni	98.64	0.887	d__Bacteria;p__Bacillota;c__Bacilli;o__Bacillales_D;f__Amphibacillaceae;g__Oceanobacillus;s__	ani_screen	classification based on ANI only	GCF_001659985.1, s__Oceanobacillus sp001659985, 95.0, 86.58, 0.759; GCF_009733865.1, s__Oceanobacillus salinisoli, 95.0, 78.35, 0.296; GCF_900176885.1, s__Oceanobacillus senegalensis, 95.0, 78.19, 0.273; GCF_003628505.1, s__Oceanobacillus halophilus, 95.0, 78.18, 0.264; GCF_003628445.1, s__Oceanobacillus bengalensis, 95.0, 77.54, 0.225	95.0	11	N/A	N/A	GCF_007667105.1_ASM766710v1_genomic__
id1	d__Bacteria;p__Bacillota;c__Bacilli;o__Bacillales_D;f__Amphibacillaceae;g__Virgibacillus;s__Virgibacillus halodenitrificans	GCF_001310895.1	95.0	d__Bacteria;p__Bacillota;c__Bacilli;o__Bacillales_D;f__Amphibacillaceae;g__Virgibacillus;s__Virgibacillus halodenitrificans	98.23	0.887	GCF_001310895.1	95.0	d__Bacteria;p__Bacillota;c__Bacilli;o__Bacillales_D;f__Amphibacillaceae;g__Virgibacillus;s__Virgibacillus halodenitrificans	98.23	0.887	d__Bacteria;p__Bacillota;c__Bacilli;o__Bacillales_D;f__Amphibacillaceae;g__Virgibacillus;s__	ani_screen	classification based on ANI only	GCF_000725285.1, s__Virgibacillus sp000725285, 95.0, 91.01, 0.823	92.73	11	N/A	N/A	GCF_003667805.1_ASM366780v1_genomic__
id10	d__Bacteria;p__Bacillota;c__Bacilli;o__Bacillales_D;f__Amphibacillaceae;g__Virgibacillus;s__Virgibacillus salexigens	GCF_014905415.1	95.0	d__Bacteria;p__Bacillota;c__Bacilli;o__Bacillales_D;f__Amphibacillaceae;g__Virgibacillus;s__Virgibacillus salexigens	99.51	0.912	GCF_014905415.1	95.0	d__Bacteria;p__Bacillota;c__Bacilli;o__Bacillales_D;f__Amphibacillaceae;g__Virgibacillus;s__Virgibacillus salexigens	99.51	0.912	d__Bacteria;p__Bacillota;c__Bacilli;o__Bacillales_D;f__Amphibacillaceae;g__Virgibacillus;s__	ani_screen	classification based on ANI only	GCF_016919725.2, s__Virgibacillus sp016919725, 95.0, 79.2, 0.336; GCF_018916875.1, s__Virgibacillus proomii_B, 95.0, 77.86, 0.209; GCF_900162615.1, s__Virgibacillus proomii_A, 95.0, 77.78, 0.201	92.59	11	N/A	N/A	GCF_902375355.1_MGYG-HGUT-01470_genomic__
id100	d__Bacteria;p__Bacillota;c__Bacilli;o__Bacillales_D;f__Amphibacillaceae;g__Lentibacillus;s__Lentibacillus litoralis	GCF_017873675.1	95.0	d__Bacteria;p__Bacillota;c__Bacilli;o__Bacillales_D;f__Amphibacillaceae;g__Lentibacillus;s__Lentibacillus litoralis	100.0	0.996	GCF_017873675.1	95.0	d__Bacteria;p__Bacillota;c__Bacilli;o__Bacillales_D;f__Amphibacillaceae;g__Lentibacillus;s__Lentibacillus litoralis	100.0	0.996	d__Bacteria;p__Bacillota;c__Bacilli;o__Bacillales_D;f__Amphibacillaceae;g__Lentibacillus;s__	ani_screen	classification based on ANI only	GCF_900110695.1, s__Lentibacillus subterraneus, 95.0, 92.88, 0.842; GCF_902806455.1, s__Lentibacillus doumboii, 95.0, 78.41, 0.325	95.93	11	N/A	N/A	GCF_017873675.1_ASM1787367v1_genomic__
id101	d__Bacteria;p__Bacillota;c__Bacilli;o__Bacillales_D;f__Amphibacillaceae;g__Virgibacillus;s__Virgibacillus sp016919725	GCF_016919725.2	95.0	d__Bacteria;p__Bacillota;c__Bacilli;o__Bacillales_D;f__Amphibacillaceae;g__Virgibacillus;s__Virgibacillus sp016919725	100.0	0.994	GCF_016919725.2	95.0	d__Bacteria;p__Bacillota;c__Bacilli;o__Bacillales_D;f__Amphibacillaceae;g__Virgibacillus;s__Virgibacillus sp016919725	100.0	0.994	d__Bacteria;p__Bacillota;c__Bacilli;o__Bacillales_D;f__Amphibacillaceae;g__Virgibacillus;s__	ani_screen	classification based on ANI only	GCF_014905415.1, s__Virgibacillus salexigens, 95.0, 79.12, 0.331; GCF_018916875.1, s__Virgibacillus proomii_B, 95.0, 77.86, 0.203	95.09	11	N/A	N/A	GCF_016919725.2_ASM1691972v2_genomic__
id102	d__Bacteria;p__Bacillota;c__Bacilli;o__Bacillales_D;f__Amphibacillaceae;g__Virgibacillus_I;s__Virgibacillus_I halotolerans	GCF_016908515.1	95.0	d__Bacteria;p__Bacillota;c__Bacilli;o__Bacillales_D;f__Amphibacillaceae;g__Virgibacillus_I;s__Virgibacillus_I halotolerans	100.0	1.0	GCF_016908515.1	95.0	d__Bacteria;p__Bacillota;c__Bacilli;o__Bacillales_D;f__Amphibacillaceae;g__Virgibacillus_I;s__Virgibacillus_I halotolerans	100.0	1.0	d__Bacteria;p__Bacillota;c__Bacilli;o__Bacillales_D;f__Amphibacillaceae;g__;s__	ani_screen	classification based on ANI only	N/A	93.39	11	N/A	N/A	GCF_016908515.1_ASM1690851v1_genomic__
id103	d__Bacteria;p__Bacillota;c__Bacilli;o__Bacillales_D;f__Amphibacillaceae;g__Virgibacillus;s__Virgibacillus salexigens	GCF_014905415.1	95.0	d__Bacteria;p__Bacillota;c__Bacilli;o__Bacillales_D;f__Amphibacillaceae;g__Virgibacillus;s__Virgibacillus salexigens	100.0	0.998	GCF_014905415.1	95.0	d__Bacteria;p__Bacillota;c__Bacilli;o__Bacillales_D;f__Amphibacillaceae;g__Virgibacillus;s__Virgibacillus salexigens	100.0	0.998	d__Bacteria;p__Bacillota;c__Bacilli;o__Bacillales_D;f__Amphibacillaceae;g__Virgibacillus;s__	ani_screen	classification based on ANI only	GCF_016919725.2, s__Virgibacillus sp016919725, 95.0, 79.12, 0.331; GCF_018916875.1, s__Virgibacillus proomii_B, 95.0, 77.85, 0.202; GCF_900162615.1, s__Virgibacillus proomii_A, 95.0, 77.51, 0.198	95.09	11	N/A	N/A	GCF_014905415.1_ASM1490541v1_genomic__
id104	d__Bacteria;p__Bacillota;c__Bacilli;o__Bacillales_D;f__Amphibacillaceae;g__Virgibacillus;s__Virgibacillus halodenitrificans	GCF_001310895.1	95.0	d__Bacteria;p__Bacillota;c__Bacilli;o__Bacillales_D;f__Amphibacillaceae;g__Virgibacillus;s__Virgibacillus halodenitrificans	98.3	0.902	GCF_001310895.1	95.0	d__Bacteria;p__Bacillota;c__Bacilli;o__Bacillales_D;f__Amphibacillaceae;g__Virgibacillus;s__Virgibacillus halodenitrificans	98.3	0.902	d__Bacteria;p__Bacillota;c__Bacilli;o__Bacillales_D;f__Amphibacillaceae;g__Virgibacillus;s__	ani_screen	classification based on ANI only	GCF_000725285.1, s__Virgibacillus sp000725285, 95.0, 90.8, 0.83	95.97	11	N/A	N/A	GCF_014656855.1_ASM1465685v1_genomic__
id105	d__Bacteria;p__Bacillota;c__Bacilli;o__Bacillales_D;f__Amphibacillaceae;g__Virgibacillus_E;s__Virgibacillus_E ndiopensis	GCF_900187325.1	95.0	d__Bacteria;p__Bacillota;c__Bacilli;o__Bacillales_D;f__Amphibacillaceae;g__Virgibacillus_E;s__Virgibacillus_E ndiopensis	100.0	1.0	GCF_900187325.1	95.0	d__Bacteria;p__Bacillota;c__Bacilli;o__Bacillales_D;f__Amphibacillaceae;g__Virgibacillus_E;s__Virgibacillus_E ndiopensis	100.0	1.0	d__Bacteria;p__Bacillota;c__Bacilli;o__Bacillales_D;f__Amphibacillaceae;g__Virgibacillus_E;s__	ani_screen	classification based on ANI only	GCF_014638995.1, s__Virgibacillus_E oceani, 95.0, 83.16, 0.722; GCF_900258515.1, s__Virgibacillus_E sp900258515, 95.0, 78.33, 0.294; GCA_014642895.1, s__Virgibacillus_E populi, 95.0, 78.19, 0.245	95.91	11	N/A	N/A	GCF_900187325.1_PRJEB20996_genomic__
id106	d__Bacteria;p__Bacillota;c__Bacilli;o__Bacillales_D;f__Amphibacillaceae;g__Virgibacillus_E;s__Virgibacillus_E oceani	GCF_014638995.1	95.0	d__Bacteria;p__Bacillota;c__Bacilli;o__Bacillales_D;f__Amphibacillaceae;g__Virgibacillus_E;s__Virgibacillus_E oceani	100.0	0.999	GCF_014638995.1	95.0	d__Bacteria;p__Bacillota;c__Bacilli;o__Bacillales_D;f__Amphibacillaceae;g__Virgibacillus_E;s__Virgibacillus_E oceani	100.0	0.999	d__Bacteria;p__Bacillota;c__Bacilli;o__Bacillales_D;f__Amphibacillaceae;g__Virgibacillus_E;s__	ani_screen	classification based on ANI only	GCF_900187325.1, s__Virgibacillus_E ndiopensis, 95.0, 83.16, 0.722; GCF_900258515.1, s__Virgibacillus_E sp900258515, 95.0, 78.0, 0.254; GCA_014642895.1, s__Virgibacillus_E populi, 95.0, 77.88, 0.243	95.11	11	N/A	N/A	GCF_014638995.1_ASM1463899v1_genomic__
id107	d__Bacteria;p__Bacillota;c__Bacilli;o__Bacillales_D;f__Amphibacillaceae;g__Virgibacillus;s__Virgibacillus dokdonensis	GCF_900166595.1	95.5968	d__Bacteria;p__Bacillota;c__Bacilli;o__Bacillales_D;f__Amphibacillaceae;g__Virgibacillus;s__Virgibacillus dokdonensis	99.02	0.952	GCF_900166595.1	95.5968	d__Bacteria;p__Bacillota;c__Bacilli;o__Bacillales_D;f__Amphibacillaceae;g__Virgibacillus;s__Virgibacillus dokdonensis	99.02	0.952	d__Bacteria;p__Bacillota;c__Bacilli;o__Bacillales_D;f__Amphibacillaceae;g__Virgibacillus;s__	ani_screen	classification based on ANI only	GCF_900129865.1, s__Virgibacillus chiguensis, 95.5968, 95.52, 0.889; GCF_018075365.1, s__Virgibacillus pantothenticus, 95.0, 80.59, 0.632; GCA_009917385.1, s__Virgibacillus sp009917385, 95.0, 80.38, 0.623; GCF_018916875.1, s__Virgibacillus proomii_B, 95.0, 78.68, 0.269; GCF_900162615.1, s__Virgibacillus proomii_A, 95.0, 78.11, 0.314	76.01	11	N/A	N/A	GCF_013393565.1_ASM1339356v1_genomic__
id108	d__Bacteria;p__Bacillota;c__Bacilli;o__Bacillales_D;f__Amphibacillaceae;g__Virgibacillus;s__Virgibacillus salexigens	GCF_014905415.1	95.0	d__Bacteria;p__Bacillota;c__Bacilli;o__Bacillales_D;f__Amphibacillaceae;g__Virgibacillus;s__Virgibacillus salexigens	99.42	0.923	GCF_014905415.1	95.0	d__Bacteria;p__Bacillota;c__Bacilli;o__Bacillales_D;f__Amphibacillaceae;g__Virgibacillus;s__Virgibacillus salexigens	99.42	0.923	d__Bacteria;p__Bacillota;c__Bacilli;o__Bacillales_D;f__Amphibacillaceae;g__Virgibacillus;s__	ani_screen	classification based on ANI only	GCF_016919725.2, s__Virgibacillus sp016919725, 95.0, 79.18, 0.33; GCF_018916875.1, s__Virgibacillus proomii_B, 95.0, 77.96, 0.205	94.92	11	N/A	N/A	GCF_014647615.1_ASM1464761v1_genomic__
id109	d__Bacteria;p__Bacillota;c__Bacilli;o__Bacillales_D;f__Amphibacillaceae;g__Virgibacillus;s__Virgibacillus sp010994035	GCF_010994035.1	95.0	d__Bacteria;p__Bacillota;c__Bacilli;o__Bacillales_D;f__Amphibacillaceae;g__Virgibacillus;s__Virgibacillus sp010994035	100.0	0.997	GCF_010994035.1	95.0	d__Bacteria;p__Bacillota;c__Bacilli;o__Bacillales_D;f__Amphibacillaceae;g__Virgibacillus;s__Virgibacillus sp010994035	100.0	0.997	d__Bacteria;p__Bacillota;c__Bacilli;o__Bacillales_D;f__Amphibacillaceae;g__Virgibacillus;s__	ani_screen	classification based on ANI only	N/A	96.72	11	N/A	N/A	GCF_010994035.1_ASM1099403v1_genomic__
id11	d__Bacteria;p__Bacillota;c__Bacilli;o__Bacillales_D;f__Amphibacillaceae;g__Virgibacillus_F;s__Virgibacillus_F phasianinus	GCF_002216775.1	95.0	d__Bacteria;p__Bacillota;c__Bacilli;o__Bacillales_D;f__Amphibacillaceae;g__Virgibacillus_F;s__Virgibacillus_F phasianinus	100.0	1.0	GCF_002216775.1	95.0	d__Bacteria;p__Bacillota;c__Bacilli;o__Bacillales_D;f__Amphibacillaceae;g__Virgibacillus_F;s__Virgibacillus_F phasianinus	100.0	1.0	d__Bacteria;p__Bacillota;c__Bacilli;o__Bacillales_D;f__Amphibacillaceae;g__Virgibacillus_F;s__	ani_screen	classification based on ANI only	GCF_002224365.1, s__Virgibacillus_F necropolis, 95.0, 79.87, 0.436	95.71	11	N/A	N/A	GCF_002216775.1_ASM221677v1_genomic__
id110	d__Bacteria;p__Bacillota;c__Bacilli;o__Bacillales_D;f__Alkalibacillaceae;g__Salinibacillus;s__Salinibacillus sp010092505	GCF_010092505.1	95.0	d__Bacteria;p__Bacillota;c__Bacilli;o__Bacillales_D;f__Alkalibacillaceae;g__Salinibacillus;s__Salinibacillus sp010092505	100.0	0.997	GCF_010092505.1	95.0	d__Bacteria;p__Bacillota;c__Bacilli;o__Bacillales_D;f__Alkalibacillaceae;g__Salinibacillus;s__Salinibacillus sp010092505	100.0	0.997	d__Bacteria;p__Bacillota;c__Bacilli;o__Bacillales_D;f__Alkalibacillaceae;g__Salinibacillus;s__	ani_screen	classification based on ANI only	GCF_900111405.1, s__Salinibacillus kushneri, 95.0, 79.7, 0.49	95.11	11	N/A	N/A	GCF_010092505.1_ASM1009250v1_genomic__
id111	d__Bacteria;p__Bacillota;c__Bacilli;o__Bacillales_D;f__Amphibacillaceae;g__Virgibacillus;s__Virgibacillus halodenitrificans	GCF_001310895.1	95.0	d__Bacteria;p__Bacillota;c__Bacilli;o__Bacillales_D;f__Amphibacillaceae;g__Virgibacillus;s__Virgibacillus halodenitrificans	98.24	0.879	GCF_001310895.1	95.0	d__Bacteria;p__Bacillota;c__Bacilli;o__Bacillales_D;f__Amphibacillaceae;g__Virgibacillus;s__Virgibacillus halodenitrificans	98.24	0.879	d__Bacteria;p__Bacillota;c__Bacilli;o__Bacillales_D;f__Amphibacillaceae;g__Virgibacillus;s__	ani_screen	classification based on ANI only	GCF_000725285.1, s__Virgibacillus sp000725285, 95.0, 90.76, 0.811	95.95	11	N/A	N/A	GCF_009856265.1_ASM985626v1_genomic__
id112	d__Bacteria;p__Bacillota;c__Bacilli;o__Bacillales_D;f__Amphibacillaceae;g__Virgibacillus;s__Virgibacillus salexigens	GCF_014905415.1	95.0	d__Bacteria;p__Bacillota;c__Bacilli;o__Bacillales_D;f__Amphibacillaceae;g__Virgibacillus;s__Virgibacillus salexigens	99.61	0.946	GCF_014905415.1	95.0	d__Bacteria;p__Bacillota;c__Bacilli;o__Bacillales_D;f__Amphibacillaceae;g__Virgibacillus;s__Virgibacillus salexigens	99.61	0.946	d__Bacteria;p__Bacillota;c__Bacilli;o__Bacillales_D;f__Amphibacillaceae;g__Virgibacillus;s__	ani_screen	classification based on ANI only	GCF_016919725.2, s__Virgibacillus sp016919725, 95.0, 79.12, 0.343; GCF_018916875.1, s__Virgibacillus proomii_B, 95.0, 77.83, 0.202; GCF_900162615.1, s__Virgibacillus proomii_A, 95.0, 77.65, 0.203	95.09	11	N/A	N/A	GCF_009856235.1_ASM985623v1_genomic__
id113	d__Bacteria;p__Bacillota;c__Bacilli;o__Bacillales_D;f__Amphibacillaceae;g__Virgibacillus_E;s__Virgibacillus_E populi	GCA_014642895.1	95.0	d__Bacteria;p__Bacillota;c__Bacilli;o__Bacillales_D;f__Amphibacillaceae;g__Virgibacillus_E;s__Virgibacillus_E populi	99.05	0.869	GCA_014642895.1	95.0	d__Bacteria;p__Bacillota;c__Bacilli;o__Bacillales_D;f__Amphibacillaceae;g__Virgibacillus_E;s__Virgibacillus_E populi	99.05	0.869	d__Bacteria;p__Bacillota;c__Bacilli;o__Bacillales_D;f__Amphibacillaceae;g__Virgibacillus_E;s__	ani_screen	classification based on ANI only	GCF_900258515.1, s__Virgibacillus_E sp900258515, 95.0, 79.01, 0.376; GCF_900187325.1, s__Virgibacillus_E ndiopensis, 95.0, 78.15, 0.243; GCF_014638995.1, s__Virgibacillus_E oceani, 95.0, 77.92, 0.243	95.95	11	N/A	N/A	GCF_009721585.1_ASM972158v1_genomic__
id114	d__Bacteria;p__Bacillota;c__Bacilli;o__Bacillales_D;f__Amphibacillaceae;g__Oceanobacillus;s__Oceanobacillus caeni	GCF_019037185.1	95.0	d__Bacteria;p__Bacillota;c__Bacilli;o__Bacillales_D;f__Amphibacillaceae;g__Oceanobacillus;s__Oceanobacillus caeni	98.68	0.885	GCF_019037185.1	95.0	d__Bacteria;p__Bacillota;c__Bacilli;o__Bacillales_D;f__Amphibacillaceae;g__Oceanobacillus;s__Oceanobacillus caeni	98.68	0.885	d__Bacteria;p__Bacillota;c__Bacilli;o__Bacillales_D;f__Amphibacillaceae;g__Oceanobacillus;s__	ani_screen	classification based on ANI only	GCF_001659985.1, s__Oceanobacillus sp001659985, 95.0, 86.54, 0.766; GCF_009733865.1, s__Oceanobacillus salinisoli, 95.0, 78.32, 0.294; GCF_003628505.1, s__Oceanobacillus halophilus, 95.0, 78.12, 0.269; GCF_900176885.1, s__Oceanobacillus senegalensis, 95.0, 78.1, 0.269; GCF_003628445.1, s__Oceanobacillus bengalensis, 95.0, 77.53, 0.227	95.0	11	N/A	N/A	GCF_008764355.1_FS261_genomic__
id115	d__Bacteria;p__Bacillota;c__Bacilli;o__Bacillales_D;f__Amphibacillaceae;g__Oceanobacillus;s__Oceanobacillus caeni	GCF_019037185.1	95.0	d__Bacteria;p__Bacillota;c__Bacilli;o__Bacillales_D;f__Amphibacillaceae;g__Oceanobacillus;s__Oceanobacillus caeni	98.62	0.873	GCF_019037185.1	95.0	d__Bacteria;p__Bacillota;c__Bacilli;o__Bacillales_D;f__Amphibacillaceae;g__Oceanobacillus;s__Oceanobacillus caeni	98.62	0.873	d__Bacteria;p__Bacillota;c__Bacilli;o__Bacillales_D;f__Amphibacillaceae;g__Oceanobacillus;s__	ani_screen	classification based on ANI only	GCF_001659985.1, s__Oceanobacillus sp001659985, 95.0, 86.6, 0.748; GCF_009733865.1, s__Oceanobacillus salinisoli, 95.0, 78.48, 0.289; GCF_003628505.1, s__Oceanobacillus halophilus, 95.0, 78.28, 0.269; GCF_900176885.1, s__Oceanobacillus senegalensis, 95.0, 78.17, 0.28; GCF_003628445.1, s__Oceanobacillus bengalensis, 95.0, 77.51, 0.224	95.0	11	N/A	N/A	GCF_007673165.1_ASM767316v1_genomic__
id116	d__Bacteria;p__Bacillota;c__Bacilli;o__Bacillales_D;f__Amphibacillaceae;g__Virgibacillus;s__Virgibacillus sp016919725	GCF_016919725.2	95.0	d__Bacteria;p__Bacillota;c__Bacilli;o__Bacillales_D;f__Amphibacillaceae;g__Virgibacillus;s__Virgibacillus sp016919725	99.48	0.924	GCF_016919725.2	95.0	d__Bacteria;p__Bacillota;c__Bacilli;o__Bacillales_D;f__Amphibacillaceae;g__Virgibacillus;s__Virgibacillus sp016919725	99.48	0.924	d__Bacteria;p__Bacillota;c__Bacilli;o__Bacillales_D;f__Amphibacillaceae;g__Virgibacillus;s__	ani_screen	classification based on ANI only	GCF_014905415.1, s__Virgibacillus salexigens, 95.0, 79.1, 0.353; GCF_018075365.1, s__Virgibacillus pantothenticus, 95.0, 77.93, 0.201; GCF_018916875.1, s__Virgibacillus proomii_B, 95.0, 77.84, 0.209; GCF_900162615.1, s__Virgibacillus proomii_A, 95.0, 77.63, 0.213	94.26	11	N/A	N/A	GCF_947495635.1_4-139.fasta_genomic__
id12	d__Bacteria;p__Bacillota;c__Bacilli;o__Bacillales_D;f__Amphibacillaceae;g__Virgibacillus;s__Virgibacillus pantothenticus	GCF_018075365.1	95.0	d__Bacteria;p__Bacillota;c__Bacilli;o__Bacillales_D;f__Amphibacillaceae;g__Virgibacillus;s__Virgibacillus pantothenticus	99.48	0.946	GCF_018075365.1	95.0	d__Bacteria;p__Bacillota;c__Bacilli;o__Bacillales_D;f__Amphibacillaceae;g__Virgibacillus;s__Virgibacillus pantothenticus	99.48	0.946	d__Bacteria;p__Bacillota;c__Bacilli;o__Bacillales_D;f__Amphibacillaceae;g__Virgibacillus;s__	ani_screen	classification based on ANI only	GCA_009917385.1, s__Virgibacillus sp009917385, 95.0, 92.63, 0.844; GCF_900166595.1, s__Virgibacillus dokdonensis, 95.5968, 81.09, 0.565; GCF_900129865.1, s__Virgibacillus chiguensis, 95.5968, 80.52, 0.609; GCF_900162615.1, s__Virgibacillus proomii_A, 95.0, 80.46, 0.387; GCF_018916875.1, s__Virgibacillus proomii_B, 95.0, 79.69, 0.383	92.65	11	N/A	N/A	GCF_001895305.1_ASM189530v1_genomic__
id13	d__Bacteria;p__Bacillota;c__Bacilli;o__Bacillales_D;f__Amphibacillaceae;g__Virgibacillus;s__Virgibacillus halodenitrificans	GCF_001310895.1	95.0	d__Bacteria;p__Bacillota;c__Bacilli;o__Bacillales_D;f__Amphibacillaceae;g__Virgibacillus;s__Virgibacillus halodenitrificans	98.43	0.907	GCF_001310895.1	95.0	d__Bacteria;p__Bacillota;c__Bacilli;o__Bacillales_D;f__Amphibacillaceae;g__Virgibacillus;s__Virgibacillus halodenitrificans	98.43	0.907	d__Bacteria;p__Bacillota;c__Bacilli;o__Bacillales_D;f__Amphibacillaceae;g__Virgibacillus;s__	ani_screen	classification based on ANI only	GCF_000725285.1, s__Virgibacillus sp000725285, 95.0, 90.98, 0.846	95.97	11	N/A	N/A	GCF_001878675.1_ASM187867v1_genomic__
id14	d__Bacteria;p__Bacillota;c__Bacilli;o__Bacillales_D;f__Amphibacillaceae;g__Virgibacillus;s__Virgibacillus halodenitrificans	GCF_001310895.1	95.0	d__Bacteria;p__Bacillota;c__Bacilli;o__Bacillales_D;f__Amphibacillaceae;g__Virgibacillus;s__Virgibacillus halodenitrificans	100.0	0.998	GCF_001310895.1	95.0	d__Bacteria;p__Bacillota;c__Bacilli;o__Bacillales_D;f__Amphibacillaceae;g__Virgibacillus;s__Virgibacillus halodenitrificans	100.0	0.998	d__Bacteria;p__Bacillota;c__Bacilli;o__Bacillales_D;f__Amphibacillaceae;g__Virgibacillus;s__	ani_screen	classification based on ANI only	GCF_000725285.1, s__Virgibacillus sp000725285, 95.0, 91.04, 0.83	91.92	11	N/A	N/A	GCF_001310895.1_ASM131089v1_genomic__
id15	d__Bacteria;p__Bacillota;c__Bacilli;o__Bacillales_D;f__Amphibacillaceae;g__Virgibacillus;s__Virgibacillus pantothenticus	GCF_018075365.1	95.0	d__Bacteria;p__Bacillota;c__Bacilli;o__Bacillales_D;f__Amphibacillaceae;g__Virgibacillus;s__Virgibacillus pantothenticus	99.98	0.994	GCF_018075365.1	95.0	d__Bacteria;p__Bacillota;c__Bacilli;o__Bacillales_D;f__Amphibacillaceae;g__Virgibacillus;s__Virgibacillus pantothenticus	99.98	0.994	d__Bacteria;p__Bacillota;c__Bacilli;o__Bacillales_D;f__Amphibacillaceae;g__Virgibacillus;s__	ani_screen	classification based on ANI only	GCA_009917385.1, s__Virgibacillus sp009917385, 95.0, 92.6, 0.842; GCF_900166595.1, s__Virgibacillus dokdonensis, 95.5968, 80.87, 0.561; GCF_900129865.1, s__Virgibacillus chiguensis, 95.5968, 80.4, 0.605; GCF_900162615.1, s__Virgibacillus proomii_A, 95.0, 80.38, 0.384; GCF_018916875.1, s__Virgibacillus proomii_B, 95.0, 79.63, 0.38	92.65	11	N/A	N/A	GCF_001189575.1_ASM118957v1_genomic__
id16	d__Bacteria;p__Bacillota;c__Bacilli;o__Bacillales_D;f__Amphibacillaceae;g__Sediminibacillus;s__Sediminibacillus senegalensis	GCF_000821245.2	95.0	d__Bacteria;p__Bacillota;c__Bacilli;o__Bacillales_D;f__Amphibacillaceae;g__Sediminibacillus;s__Sediminibacillus senegalensis	100.0	0.996	GCF_000821245.2	95.0	d__Bacteria;p__Bacillota;c__Bacilli;o__Bacillales_D;f__Amphibacillaceae;g__Sediminibacillus;s__Sediminibacillus senegalensis	100.0	0.996	d__Bacteria;p__Bacillota;c__Bacilli;o__Bacillales_D;f__Amphibacillaceae;g__Sediminibacillus;s__	ani_screen	classification based on ANI only	GCF_017792025.1, s__Sediminibacillus dalangtanensis, 95.0, 82.31, 0.67; GCF_009602435.1, s__Sediminibacillus terrae, 95.0, 82.03, 0.622; GCF_900103695.1, s__Sediminibacillus halophilus, 95.0, 81.88, 0.65; GCF_900101125.1, s__Sediminibacillus albus, 95.0, 78.72, 0.321	92.71	11	N/A	N/A	GCF_000821245.2_ASM82124v2_genomic__
id17	d__Bacteria;p__Bacillota;c__Bacilli;o__Bacillales_D;f__Amphibacillaceae;g__Virgibacillus;s__Virgibacillus sp000725285	GCF_000725285.1	95.0	d__Bacteria;p__Bacillota;c__Bacilli;o__Bacillales_D;f__Amphibacillaceae;g__Virgibacillus;s__Virgibacillus sp000725285	100.0	1.0	GCF_000725285.1	95.0	d__Bacteria;p__Bacillota;c__Bacilli;o__Bacillales_D;f__Amphibacillaceae;g__Virgibacillus;s__Virgibacillus sp000725285	100.0	1.0	d__Bacteria;p__Bacillota;c__Bacilli;o__Bacillales_D;f__Amphibacillaceae;g__Virgibacillus;s__	ani_screen	classification based on ANI only	GCF_001310895.1, s__Virgibacillus halodenitrificans, 95.0, 91.04, 0.83	95.61	11	N/A	N/A	GCF_000725285.1_ASM72528v1_genomic__
id18	d__Bacteria;p__Bacillota;c__Bacilli;o__Bacillales_D;f__Amphibacillaceae;g__Virgibacillus;s__Virgibacillus salexigens	GCF_014905415.1	95.0	d__Bacteria;p__Bacillota;c__Bacilli;o__Bacillales_D;f__Amphibacillaceae;g__Virgibacillus;s__Virgibacillus salexigens	99.53	0.96	GCF_014905415.1	95.0	d__Bacteria;p__Bacillota;c__Bacilli;o__Bacillales_D;f__Amphibacillaceae;g__Virgibacillus;s__Virgibacillus salexigens	99.53	0.96	d__Bacteria;p__Bacillota;c__Bacilli;o__Bacillales_D;f__Amphibacillaceae;g__Virgibacillus;s__	ani_screen	classification based on ANI only	GCF_016919725.2, s__Virgibacillus sp016919725, 95.0, 79.18, 0.361; GCF_018916875.1, s__Virgibacillus proomii_B, 95.0, 77.77, 0.202; GCF_900162615.1, s__Virgibacillus proomii_A, 95.0, 77.48, 0.194	95.09	11	N/A	N/A	GCF_000445495.1_Version_1_of_the_Virgibacillus_hongkongensis_CM-4_genome_genomic__
id19	d__Bacteria;p__Bacillota;c__Bacilli;o__Bacillales_D;f__Amphibacillaceae;g__Virgibacillus_B;s__Virgibacillus_B alimentarius	GCF_000709085.1	95.0	d__Bacteria;p__Bacillota;c__Bacilli;o__Bacillales_D;f__Amphibacillaceae;g__Virgibacillus_B;s__Virgibacillus_B alimentarius	100.0	0.989	GCF_000709085.1	95.0	d__Bacteria;p__Bacillota;c__Bacilli;o__Bacillales_D;f__Amphibacillaceae;g__Virgibacillus_B;s__Virgibacillus_B alimentarius	100.0	0.989	d__Bacteria;p__Bacillota;c__Bacilli;o__Bacillales_D;f__Amphibacillaceae;g__;s__	ani_screen	classification based on ANI only	N/A	94.26	11	N/A	N/A	GCF_000709085.1_Virgibacillus_alimentarius_J18_genomic__
id2	d__Bacteria;p__Bacillota;c__Bacilli;o__Bacillales_D;f__Amphibacillaceae;g__Virgibacillus;s__Virgibacillus chiguensis	GCF_900129865.1	95.5968	d__Bacteria;p__Bacillota;c__Bacilli;o__Bacillales_D;f__Amphibacillaceae;g__Virgibacillus;s__Virgibacillus chiguensis	98.24	0.937	GCF_900129865.1	95.5968	d__Bacteria;p__Bacillota;c__Bacilli;o__Bacillales_D;f__Amphibacillaceae;g__Virgibacillus;s__Virgibacillus chiguensis	98.24	0.937	d__Bacteria;p__Bacillota;c__Bacilli;o__Bacillales_D;f__Amphibacillaceae;g__Virgibacillus;s__	ani_screen	classification based on ANI only	GCF_900166595.1, s__Virgibacillus dokdonensis, 95.5968, 95.38, 0.826; GCA_009917385.1, s__Virgibacillus sp009917385, 95.0, 80.77, 0.554; GCF_018075365.1, s__Virgibacillus pantothenticus, 95.0, 80.74, 0.547; GCF_018916875.1, s__Virgibacillus proomii_B, 95.0, 78.21, 0.3; GCF_900162615.1, s__Virgibacillus proomii_A, 95.0, 78.06, 0.295	93.45	11	N/A	N/A	GCF_003667845.1_ASM366784v1_genomic__
id20	d__Bacteria;p__Bacillota;c__Bacilli;o__Bacillales_D;f__Amphibacillaceae;g__Virgibacillus;s__Virgibacillus salexigens	GCF_014905415.1	95.0	d__Bacteria;p__Bacillota;c__Bacilli;o__Bacillales_D;f__Amphibacillaceae;g__Virgibacillus;s__Virgibacillus salexigens	99.51	0.912	GCF_014905415.1	95.0	d__Bacteria;p__Bacillota;c__Bacilli;o__Bacillales_D;f__Amphibacillaceae;g__Virgibacillus;s__Virgibacillus salexigens	99.51	0.912	d__Bacteria;p__Bacillota;c__Bacilli;o__Bacillales_D;f__Amphibacillaceae;g__Virgibacillus;s__	ani_screen	classification based on ANI only	GCF_016919725.2, s__Virgibacillus sp016919725, 95.0, 79.2, 0.336; GCF_018916875.1, s__Virgibacillus proomii_B, 95.0, 77.86, 0.209; GCF_900162615.1, s__Virgibacillus proomii_A, 95.0, 77.78, 0.201	92.59	11	N/A	N/A	GCF_000723585.1_PRJEB5515_assembly_1_genomic__
id21	d__Bacteria;p__Bacillota;c__Bacilli;o__Bacillales_D;f__Amphibacillaceae;g__Virgibacillus;s__Virgibacillus dokdonensis	GCF_900166595.1	95.5968	d__Bacteria;p__Bacillota;c__Bacilli;o__Bacillales_D;f__Amphibacillaceae;g__Virgibacillus;s__Virgibacillus dokdonensis	100.0	1.0	GCF_900166595.1	95.5968	d__Bacteria;p__Bacillota;c__Bacilli;o__Bacillales_D;f__Amphibacillaceae;g__Virgibacillus;s__Virgibacillus dokdonensis	100.0	1.0	d__Bacteria;p__Bacillota;c__Bacilli;o__Bacillales_D;f__Amphibacillaceae;g__Virgibacillus;s__	ani_screen	classification based on ANI only	GCF_900129865.1, s__Virgibacillus chiguensis, 95.5968, 95.6, 0.895	93.49	11	N/A	N/A	GCF_900166595.1_PRJEB19411_genomic__
id22	d__Bacteria;p__Bacillota;c__Bacilli;o__Bacillales_D;f__Amphibacillaceae;g__Virgibacillus;s__Virgibacillus halodenitrificans	GCF_001310895.1	95.0	d__Bacteria;p__Bacillota;c__Bacilli;o__Bacillales_D;f__Amphibacillaceae;g__Virgibacillus;s__Virgibacillus halodenitrificans	98.32	0.895	GCF_001310895.1	95.0	d__Bacteria;p__Bacillota;c__Bacilli;o__Bacillales_D;f__Amphibacillaceae;g__Virgibacillus;s__Virgibacillus halodenitrificans	98.32	0.895	d__Bacteria;p__Bacillota;c__Bacilli;o__Bacillales_D;f__Amphibacillaceae;g__Virgibacillus;s__	ani_screen	classification based on ANI only	GCF_000725285.1, s__Virgibacillus sp000725285, 95.0, 91.01, 0.831	95.97	11	N/A	N/A	GCF_000294755.1_VH01_genomic__
id23	d__Bacteria;p__Bacillota;c__Bacilli;o__Bacillales_D;f__Amphibacillaceae;g__Virgibacillus;s__Virgibacillus proomii_A	GCF_900162615.1	95.0	d__Bacteria;p__Bacillota;c__Bacilli;o__Bacillales_D;f__Amphibacillaceae;g__Virgibacillus;s__Virgibacillus proomii_A	100.0	0.999	GCF_900162615.1	95.0	d__Bacteria;p__Bacillota;c__Bacilli;o__Bacillales_D;f__Amphibacillaceae;g__Virgibacillus;s__Virgibacillus proomii_A	100.0	0.999	d__Bacteria;p__Bacillota;c__Bacilli;o__Bacillales_D;f__Amphibacillaceae;g__Virgibacillus;s__	ani_screen	classification based on ANI only	GCF_018916875.1, s__Virgibacillus proomii_B, 95.0, 93.48, 0.826; GCF_018075365.1, s__Virgibacillus pantothenticus, 95.0, 80.36, 0.379; GCA_009917385.1, s__Virgibacillus sp009917385, 95.0, 79.75, 0.352; GCF_900166595.1, s__Virgibacillus dokdonensis, 95.5968, 78.08, 0.299; GCF_900129865.1, s__Virgibacillus chiguensis, 95.5968, 77.89, 0.303; GCF_014905415.1, s__Virgibacillus salexigens, 95.0, 77.51, 0.198	94.36	11	N/A	N/A	GCF_900162615.1_PRJEB6464_genomic__
id24	d__Bacteria;p__Bacillota;c__Bacilli;o__Bacillales_D;f__Amphibacillaceae;g__Lentibacillus;s__Lentibacillus siamensis	GCF_900162695.1	95.0	d__Bacteria;p__Bacillota;c__Bacilli;o__Bacillales_D;f__Amphibacillaceae;g__Lentibacillus;s__Lentibacillus siamensis	100.0	0.999	GCF_900162695.1	95.0	d__Bacteria;p__Bacillota;c__Bacilli;o__Bacillales_D;f__Amphibacillaceae;g__Lentibacillus;s__Lentibacillus siamensis	100.0	0.999	d__Bacteria;p__Bacillota;c__Bacilli;o__Bacillales_D;f__Amphibacillaceae;g__Lentibacillus;s__	ani_screen	classification based on ANI only	GCF_902726655.1, s__Lentibacillus ihumii, 95.0, 80.59, 0.559; GCF_902806455.1, s__Lentibacillus doumboii, 95.0, 78.58, 0.23	95.05	11	N/A	N/A	GCF_900162695.1_PRJEB19320_genomic__
id25	d__Bacteria;p__Bacillota;c__Bacilli;o__Bacillales_D;f__Amphibacillaceae;g__Virgibacillus;s__Virgibacillus halodenitrificans	GCF_001310895.1	95.0	d__Bacteria;p__Bacillota;c__Bacilli;o__Bacillales_D;f__Amphibacillaceae;g__Virgibacillus;s__Virgibacillus halodenitrificans	98.21	0.887	GCF_001310895.1	95.0	d__Bacteria;p__Bacillota;c__Bacilli;o__Bacillales_D;f__Amphibacillaceae;g__Virgibacillus;s__Virgibacillus halodenitrificans	98.21	0.887	d__Bacteria;p__Bacillota;c__Bacilli;o__Bacillales_D;f__Amphibacillaceae;g__Virgibacillus;s__	ani_screen	classification based on ANI only	GCF_000725285.1, s__Virgibacillus sp000725285, 95.0, 90.94, 0.845	95.95	11	N/A	N/A	GCF_900162105.1_PRJEB19297_genomic__
id26	d__Bacteria;p__Bacillota;c__Bacilli;o__Bacillales_D;f__Amphibacillaceae;g__Virgibacillus;s__Virgibacillus pantothenticus	GCF_018075365.1	95.0	d__Bacteria;p__Bacillota;c__Bacilli;o__Bacillales_D;f__Amphibacillaceae;g__Virgibacillus;s__Virgibacillus pantothenticus	100.0	0.999	GCF_018075365.1	95.0	d__Bacteria;p__Bacillota;c__Bacilli;o__Bacillales_D;f__Amphibacillaceae;g__Virgibacillus;s__Virgibacillus pantothenticus	100.0	0.999	d__Bacteria;p__Bacillota;c__Bacilli;o__Bacillales_D;f__Amphibacillaceae;g__Virgibacillus;s__	ani_screen	classification based on ANI only	GCA_009917385.1, s__Virgibacillus sp009917385, 95.0, 92.72, 0.835; GCF_900166595.1, s__Virgibacillus dokdonensis, 95.5968, 80.79, 0.562; GCF_900129865.1, s__Virgibacillus chiguensis, 95.5968, 80.41, 0.609; GCF_900162615.1, s__Virgibacillus proomii_A, 95.0, 80.29, 0.377; GCF_018916875.1, s__Virgibacillus proomii_B, 95.0, 79.62, 0.377	92.65	11	N/A	N/A	GCF_900156795.1_IMG-taxon_2681813560_annotated_assembly_genomic__
id27	d__Bacteria;p__Bacillota;c__Bacilli;o__Bacillales_D;f__Amphibacillaceae;g__Virgibacillus;s__Virgibacillus pantothenticus	GCF_018075365.1	95.0	d__Bacteria;p__Bacillota;c__Bacilli;o__Bacillales_D;f__Amphibacillaceae;g__Virgibacillus;s__Virgibacillus pantothenticus	97.53	0.864	GCF_018075365.1	95.0	d__Bacteria;p__Bacillota;c__Bacilli;o__Bacillales_D;f__Amphibacillaceae;g__Virgibacillus;s__Virgibacillus pantothenticus	97.53	0.864	d__Bacteria;p__Bacillota;c__Bacilli;o__Bacillales_D;f__Amphibacillaceae;g__Virgibacillus;s__	ani_screen	classification based on ANI only	GCA_009917385.1, s__Virgibacillus sp009917385, 95.0, 92.57, 0.844; GCF_900166595.1, s__Virgibacillus dokdonensis, 95.5968, 80.92, 0.549; GCF_900129865.1, s__Virgibacillus chiguensis, 95.5968, 80.58, 0.6; GCF_900162615.1, s__Virgibacillus proomii_A, 95.0, 80.12, 0.378; GCF_018916875.1, s__Virgibacillus proomii_B, 95.0, 79.91, 0.384	92.65	11	N/A	N/A	GCF_900162095.1_PRJEB19295_genomic__
id28	d__Bacteria;p__Bacillota;c__Bacilli;o__Bacillales_D;f__Amphibacillaceae;g__Virgibacillus_E;s__Virgibacillus_E populi	GCA_014642895.1	95.0	d__Bacteria;p__Bacillota;c__Bacilli;o__Bacillales_D;f__Amphibacillaceae;g__Virgibacillus_E;s__Virgibacillus_E populi	98.88	0.854	GCA_014642895.1	95.0	d__Bacteria;p__Bacillota;c__Bacilli;o__Bacillales_D;f__Amphibacillaceae;g__Virgibacillus_E;s__Virgibacillus_E populi	98.88	0.854	d__Bacteria;p__Bacillota;c__Bacilli;o__Bacillales_D;f__Amphibacillaceae;g__Virgibacillus_E;s__	ani_screen	classification based on ANI only	GCF_900258515.1, s__Virgibacillus_E sp900258515, 95.0, 79.08, 0.39; GCF_900187325.1, s__Virgibacillus_E ndiopensis, 95.0, 78.34, 0.254; GCF_014638995.1, s__Virgibacillus_E oceani, 95.0, 77.78, 0.256	95.95	11	N/A	N/A	GCF_900155625.1_ASM90015562v1_genomic__
id29	d__Bacteria;p__Bacillota;c__Bacilli;o__Bacillales_D;f__Amphibacillaceae;g__Virgibacillus;s__Virgibacillus chiguensis	GCF_900129865.1	95.5968	d__Bacteria;p__Bacillota;c__Bacilli;o__Bacillales_D;f__Amphibacillaceae;g__Virgibacillus;s__Virgibacillus chiguensis	100.0	0.996	GCF_900129865.1	95.5968	d__Bacteria;p__Bacillota;c__Bacilli;o__Bacillales_D;f__Amphibacillaceae;g__Virgibacillus;s__Virgibacillus chiguensis	100.0	0.996	d__Bacteria;p__Bacillota;c__Bacilli;o__Bacillales_D;f__Amphibacillaceae;g__Virgibacillus;s__	ani_screen	classification based on ANI only	GCF_900166595.1, s__Virgibacillus dokdonensis, 95.5968, 95.6, 0.895	93.49	11	N/A	N/A	GCF_900129865.1_IMG-taxon_2675903063_annotated_assembly_genomic__
id3	d__Bacteria;p__Bacillota;c__Bacilli;o__Bacillales_D;f__Amphibacillaceae;g__Virgibacillus;s__Virgibacillus sp016919725	GCF_016919725.2	95.0	d__Bacteria;p__Bacillota;c__Bacilli;o__Bacillales_D;f__Amphibacillaceae;g__Virgibacillus;s__Virgibacillus sp016919725	99.28	0.891	GCF_016919725.2	95.0	d__Bacteria;p__Bacillota;c__Bacilli;o__Bacillales_D;f__Amphibacillaceae;g__Virgibacillus;s__Virgibacillus sp016919725	99.28	0.891	d__Bacteria;p__Bacillota;c__Bacilli;o__Bacillales_D;f__Amphibacillaceae;g__Virgibacillus;s__	ani_screen	classification based on ANI only	GCF_014905415.1, s__Virgibacillus salexigens, 95.0, 79.0, 0.344; GCF_018916875.1, s__Virgibacillus proomii_B, 95.0, 77.97, 0.205	90.94	11	N/A	N/A	GCF_003667785.1_ASM366778v1_genomic__
id30	d__Bacteria;p__Bacillota;c__Bacilli;o__Bacillales_D;f__Amphibacillaceae;g__Lentibacillus;s__Lentibacillus subterraneus	GCF_900110695.1	95.0	d__Bacteria;p__Bacillota;c__Bacilli;o__Bacillales_D;f__Amphibacillaceae;g__Lentibacillus;s__Lentibacillus subterraneus	100.0	0.998	GCF_900110695.1	95.0	d__Bacteria;p__Bacillota;c__Bacilli;o__Bacillales_D;f__Amphibacillaceae;g__Lentibacillus;s__Lentibacillus subterraneus	100.0	0.998	d__Bacteria;p__Bacillota;c__Bacilli;o__Bacillales_D;f__Amphibacillaceae;g__Lentibacillus;s__	ani_screen	classification based on ANI only	GCF_017873675.1, s__Lentibacillus litoralis, 95.0, 92.88, 0.842; GCF_902806455.1, s__Lentibacillus doumboii, 95.0, 78.42, 0.322	95.93	11	N/A	N/A	GCF_900110695.1_IMG-taxon_2671180086_annotated_assembly_genomic__
id31	d__Bacteria;p__Bacillota;c__Bacilli;o__Bacillales_D;f__Amphibacillaceae;g__Lentibacillus;s__Lentibacillus subterraneus	GCF_900110695.1	95.0	d__Bacteria;p__Bacillota;c__Bacilli;o__Bacillales_D;f__Amphibacillaceae;g__Lentibacillus;s__Lentibacillus subterraneus	98.85	0.913	GCF_900110695.1	95.0	d__Bacteria;p__Bacillota;c__Bacilli;o__Bacillales_D;f__Amphibacillaceae;g__Lentibacillus;s__Lentibacillus subterraneus	98.85	0.913	d__Bacteria;p__Bacillota;c__Bacilli;o__Bacillales_D;f__Amphibacillaceae;g__Lentibacillus;s__	ani_screen	classification based on ANI only	GCF_017873675.1, s__Lentibacillus litoralis, 95.0, 92.79, 0.855; GCF_902806455.1, s__Lentibacillus doumboii, 95.0, 78.53, 0.323	95.09	11	N/A	N/A	GCF_900102415.1_IMG-taxon_2671180171_annotated_assembly_genomic__
id32	d__Bacteria;p__Bacillota;c__Bacilli;o__Bacillales_D;f__Amphibacillaceae;g__Lentibacillus;s__	N/A	N/A	N/A	N/A	N/A	N/A	N/A	N/A	N/A	N/A	d__Bacteria;p__Bacillota;c__Bacilli;o__Bacillales_D;f__Amphibacillaceae;g__Lentibacillus;s__	taxonomic classification defined by topology and ANI	classification based on placement in class-level tree	GCF_017873675.1, s__Lentibacillus litoralis, 95.0, 88.8, 0.818; GCF_900110695.1, s__Lentibacillus subterraneus, 95.0, 88.7, 0.833; GCF_902806455.1, s__Lentibacillus doumboii, 95.0, 78.3, 0.323	95.93	11	0.97773	Genome not assigned to closest species as it falls outside its pre-defined ANI radius	GCF_052246775.1_ASM5224677v1_genomic__
id33	d__Bacteria;p__Bacillota;c__Bacilli;o__Bacillales_D;f__Amphibacillaceae;g__;s__	N/A	N/A	N/A	N/A	N/A	N/A	N/A	N/A	N/A	N/A	d__Bacteria;p__Bacillota;c__Bacilli;o__Bacillales_D;f__Amphibacillaceae;g__;s__	taxonomic novelty determined using RED	classification based on placement in class-level tree	N/A	93.43	11	0.87086	N/A	GCF_051846915.1_ASM5184691v1_genomic__
id34	d__Bacteria;p__Bacillota;c__Bacilli;o__Bacillales_D;f__Amphibacillaceae;g__Virgibacillus_F;s__	N/A	N/A	N/A	N/A	N/A	GCF_002224365.1	95.0	d__Bacteria;p__Bacillota;c__Bacilli;o__Bacillales_D;f__Amphibacillaceae;g__Virgibacillus_F;s__Virgibacillus_F necropolis	79.46	0.369	d__Bacteria;p__Bacillota;c__Bacilli;o__Bacillales_D;f__Amphibacillaceae;g__Virgibacillus_F;s__	taxonomic classification defined by topology and ANI	classification based on placement in class-level tree	GCF_002216775.1, s__Virgibacillus_F phasianinus, 95.0, 79.03, 0.314	92.59	11	0.96763	N/A	GCF_050574275.1_ASM5057427v1_genomic__
id35	d__Bacteria;p__Bacillota;c__Bacilli;o__Bacillales_D;f__Amphibacillaceae;g__Virgibacillus_F;s__	N/A	N/A	N/A	N/A	N/A	GCF_002224365.1	95.0	d__Bacteria;p__Bacillota;c__Bacilli;o__Bacillales_D;f__Amphibacillaceae;g__Virgibacillus_F;s__Virgibacillus_F necropolis	79.27	0.368	d__Bacteria;p__Bacillota;c__Bacilli;o__Bacillales_D;f__Amphibacillaceae;g__Virgibacillus_F;s__	taxonomic classification defined by topology and ANI	classification based on placement in class-level tree	GCF_002216775.1, s__Virgibacillus_F phasianinus, 95.0, 78.47, 0.271	94.24	11	0.96881	N/A	GCF_049310925.1_ASM4931092v1_genomic__
id36	d__Bacteria;p__Bacillota;c__Bacilli;o__Bacillales_D;f__Amphibacillaceae;g__Virgibacillus;s__	N/A	N/A	N/A	N/A	N/A	N/A	N/A	N/A	N/A	N/A	d__Bacteria;p__Bacillota;c__Bacilli;o__Bacillales_D;f__Amphibacillaceae;g__Virgibacillus;s__	taxonomic classification fully defined by topology	classification based on placement in class-level tree	N/A	92.57	11	0.91459	N/A	GCF_046883285.1_ASM4688328v1_genomic__
id37	d__Bacteria;p__Bacillota;c__Bacilli;o__Bacillales_D;f__Amphibacillaceae;g__Virgibacillus;s__Virgibacillus pantothenticus	GCF_018075365.1	95.0	d__Bacteria;p__Bacillota;c__Bacilli;o__Bacillales_D;f__Amphibacillaceae;g__Virgibacillus;s__Virgibacillus pantothenticus	99.5	0.909	GCF_018075365.1	95.0	d__Bacteria;p__Bacillota;c__Bacilli;o__Bacillales_D;f__Amphibacillaceae;g__Virgibacillus;s__Virgibacillus pantothenticus	99.5	0.909	d__Bacteria;p__Bacillota;c__Bacilli;o__Bacillales_D;f__Amphibacillaceae;g__Virgibacillus;s__	ani_screen	classification based on ANI only	GCA_009917385.1, s__Virgibacillus sp009917385, 95.0, 92.68, 0.841; GCF_900166595.1, s__Virgibacillus dokdonensis, 95.5968, 80.77, 0.545; GCF_900162615.1, s__Virgibacillus proomii_A, 95.0, 80.52, 0.385; GCF_900129865.1, s__Virgibacillus chiguensis, 95.5968, 80.43, 0.597; GCF_018916875.1, s__Virgibacillus proomii_B, 95.0, 79.88, 0.374	92.65	11	N/A	N/A	GCF_045369685.1_ASM4536968v1_genomic__
id38	d__Bacteria;p__Bacillota;c__Bacilli;o__Bacillales_D;f__Amphibacillaceae;g__Virgibacillus;s__Virgibacillus pantothenticus	GCF_018075365.1	95.0	d__Bacteria;p__Bacillota;c__Bacilli;o__Bacillales_D;f__Amphibacillaceae;g__Virgibacillus;s__Virgibacillus pantothenticus	99.49	0.912	GCF_018075365.1	95.0	d__Bacteria;p__Bacillota;c__Bacilli;o__Bacillales_D;f__Amphibacillaceae;g__Virgibacillus;s__Virgibacillus pantothenticus	99.49	0.912	d__Bacteria;p__Bacillota;c__Bacilli;o__Bacillales_D;f__Amphibacillaceae;g__Virgibacillus;s__	ani_screen	classification based on ANI only	GCA_009917385.1, s__Virgibacillus sp009917385, 95.0, 92.69, 0.846; GCF_900166595.1, s__Virgibacillus dokdonensis, 95.5968, 80.77, 0.549; GCF_900162615.1, s__Virgibacillus proomii_A, 95.0, 80.51, 0.382; GCF_900129865.1, s__Virgibacillus chiguensis, 95.5968, 80.4, 0.603; GCF_018916875.1, s__Virgibacillus proomii_B, 95.0, 79.92, 0.376	92.65	11	N/A	N/A	GCF_045369025.1_ASM4536902v1_genomic__
id39	d__Bacteria;p__Bacillota;c__Bacilli;o__Bacillales_D;f__Amphibacillaceae;g__Virgibacillus;s__Virgibacillus pantothenticus	GCF_018075365.1	95.0	d__Bacteria;p__Bacillota;c__Bacilli;o__Bacillales_D;f__Amphibacillaceae;g__Virgibacillus;s__Virgibacillus pantothenticus	99.5	0.909	GCF_018075365.1	95.0	d__Bacteria;p__Bacillota;c__Bacilli;o__Bacillales_D;f__Amphibacillaceae;g__Virgibacillus;s__Virgibacillus pantothenticus	99.5	0.909	d__Bacteria;p__Bacillota;c__Bacilli;o__Bacillales_D;f__Amphibacillaceae;g__Virgibacillus;s__	ani_screen	classification based on ANI only	GCA_009917385.1, s__Virgibacillus sp009917385, 95.0, 92.68, 0.846; GCF_900166595.1, s__Virgibacillus dokdonensis, 95.5968, 80.77, 0.547; GCF_900162615.1, s__Virgibacillus proomii_A, 95.0, 80.45, 0.38; GCF_900129865.1, s__Virgibacillus chiguensis, 95.5968, 80.44, 0.608; GCF_018916875.1, s__Virgibacillus proomii_B, 95.0, 79.77, 0.375	92.65	11	N/A	N/A	GCF_045368985.1_ASM4536898v1_genomic__
id4	d__Bacteria;p__Bacillota;c__Bacilli;o__Bacillales_D;f__Amphibacillaceae;g__Virgibacillus;s__Virgibacillus chiguensis	GCF_900129865.1	95.5968	d__Bacteria;p__Bacillota;c__Bacilli;o__Bacillales_D;f__Amphibacillaceae;g__Virgibacillus;s__Virgibacillus chiguensis	97.78	0.875	GCF_900129865.1	95.5968	d__Bacteria;p__Bacillota;c__Bacilli;o__Bacillales_D;f__Amphibacillaceae;g__Virgibacillus;s__Virgibacillus chiguensis	97.78	0.875	d__Bacteria;p__Bacillota;c__Bacilli;o__Bacillales_D;f__Amphibacillaceae;g__Virgibacillus;s__	ani_screen	classification based on ANI only	GCF_900166595.1, s__Virgibacillus dokdonensis, 95.5968, 95.22, 0.855; GCA_009917385.1, s__Virgibacillus sp009917385, 95.0, 80.71, 0.571; GCF_018075365.1, s__Virgibacillus pantothenticus, 95.0, 80.51, 0.604; GCF_018916875.1, s__Virgibacillus proomii_B, 95.0, 78.18, 0.287; GCF_900162615.1, s__Virgibacillus proomii_A, 95.0, 78.0, 0.306	90.94	11	N/A	N/A	GCF_003399705.1_ASM339970v1_genomic__
id40	d__Bacteria;p__Bacillota;c__Bacilli;o__Bacillales_D;f__Amphibacillaceae;g__Virgibacillus;s__Virgibacillus pantothenticus	GCF_018075365.1	95.0	d__Bacteria;p__Bacillota;c__Bacilli;o__Bacillales_D;f__Amphibacillaceae;g__Virgibacillus;s__Virgibacillus pantothenticus	99.51	0.912	GCF_018075365.1	95.0	d__Bacteria;p__Bacillota;c__Bacilli;o__Bacillales_D;f__Amphibacillaceae;g__Virgibacillus;s__Virgibacillus pantothenticus	99.51	0.912	d__Bacteria;p__Bacillota;c__Bacilli;o__Bacillales_D;f__Amphibacillaceae;g__Virgibacillus;s__	ani_screen	classification based on ANI only	GCA_009917385.1, s__Virgibacillus sp009917385, 95.0, 92.69, 0.845; GCF_900166595.1, s__Virgibacillus dokdonensis, 95.5968, 80.78, 0.547; GCF_900162615.1, s__Virgibacillus proomii_A, 95.0, 80.46, 0.382; GCF_900129865.1, s__Virgibacillus chiguensis, 95.5968, 80.4, 0.607; GCF_018916875.1, s__Virgibacillus proomii_B, 95.0, 79.89, 0.369	92.65	11	N/A	N/A	GCF_045368955.1_ASM4536895v1_genomic__
id41	d__Bacteria;p__Bacillota;c__Bacilli;o__Bacillales_D;f__Amphibacillaceae;g__Virgibacillus;s__Virgibacillus pantothenticus	GCF_018075365.1	95.0	d__Bacteria;p__Bacillota;c__Bacilli;o__Bacillales_D;f__Amphibacillaceae;g__Virgibacillus;s__Virgibacillus pantothenticus	99.5	0.91	GCF_018075365.1	95.0	d__Bacteria;p__Bacillota;c__Bacilli;o__Bacillales_D;f__Amphibacillaceae;g__Virgibacillus;s__Virgibacillus pantothenticus	99.5	0.91	d__Bacteria;p__Bacillota;c__Bacilli;o__Bacillales_D;f__Amphibacillaceae;g__Virgibacillus;s__	ani_screen	classification based on ANI only	GCA_009917385.1, s__Virgibacillus sp009917385, 95.0, 92.68, 0.846; GCF_900166595.1, s__Virgibacillus dokdonensis, 95.5968, 80.76, 0.544; GCF_900162615.1, s__Virgibacillus proomii_A, 95.0, 80.46, 0.378; GCF_900129865.1, s__Virgibacillus chiguensis, 95.5968, 80.45, 0.594; GCF_018916875.1, s__Virgibacillus proomii_B, 95.0, 79.83, 0.38	92.65	11	N/A	N/A	GCF_045368945.1_ASM4536894v1_genomic__
id42	d__Bacteria;p__Bacillota;c__Bacilli;o__Bacillales_D;f__Amphibacillaceae;g__Virgibacillus_F;s__	N/A	N/A	N/A	N/A	N/A	GCF_002224365.1	95.0	d__Bacteria;p__Bacillota;c__Bacilli;o__Bacillales_D;f__Amphibacillaceae;g__Virgibacillus_F;s__Virgibacillus_F necropolis	82.32	0.607	d__Bacteria;p__Bacillota;c__Bacilli;o__Bacillales_D;f__Amphibacillaceae;g__Virgibacillus_F;s__	taxonomic classification defined by topology and ANI	classification based on placement in class-level tree	GCF_002216775.1, s__Virgibacillus_F phasianinus, 95.0, 80.03, 0.431	93.92	11	0.96749	Genome not assigned to closest species as it falls outside its pre-defined ANI radius	GCF_044793635.1_ASM4479363v1_genomic__
id43	d__Bacteria;p__Bacillota;c__Bacilli;o__Bacillales_D;f__Amphibacillaceae;g__Lentibacillus;s__	N/A	N/A	N/A	N/A	N/A	GCF_902726655.1	95.0	d__Bacteria;p__Bacillota;c__Bacilli;o__Bacillales_D;f__Amphibacillaceae;g__Lentibacillus;s__Lentibacillus ihumii	85.43	0.751	d__Bacteria;p__Bacillota;c__Bacilli;o__Bacillales_D;f__Amphibacillaceae;g__Lentibacillus;s__	taxonomic classification defined by topology and ANI	classification based on placement in class-level tree	GCF_900162695.1, s__Lentibacillus siamensis, 95.0, 80.45, 0.519; GCF_902806455.1, s__Lentibacillus doumboii, 95.0, 78.25, 0.249	95.87	11	0.98474	Genome not assigned to closest species as it falls outside its pre-defined ANI radius	GCF_042684985.1_ASM4268498v1_genomic__
id44	d__Bacteria;p__Bacillota;c__Bacilli;o__Bacillales_D;f__Amphibacillaceae;g__Virgibacillus_B;s__Virgibacillus_B alimentarius	GCF_000709085.1	95.0	d__Bacteria;p__Bacillota;c__Bacilli;o__Bacillales_D;f__Amphibacillaceae;g__Virgibacillus_B;s__Virgibacillus_B alimentarius	99.61	0.929	GCF_000709085.1	95.0	d__Bacteria;p__Bacillota;c__Bacilli;o__Bacillales_D;f__Amphibacillaceae;g__Virgibacillus_B;s__Virgibacillus_B alimentarius	99.61	0.929	d__Bacteria;p__Bacillota;c__Bacilli;o__Bacillales_D;f__Amphibacillaceae;g__;s__	ani_screen	classification based on ANI only	N/A	93.37	11	N/A	N/A	GCF_042676205.1_ASM4267620v1_genomic__
id45	d__Bacteria;p__Bacillota;c__Bacilli;o__Bacillales_D;f__Amphibacillaceae;g__YIM-98839;s__	N/A	N/A	N/A	N/A	N/A	N/A	N/A	N/A	N/A	N/A	d__Bacteria;p__Bacillota;c__Bacilli;o__Bacillales_D;f__Amphibacillaceae;g__YIM-98839;s__	taxonomic novelty determined using RED	classification based on placement in class-level tree	N/A	95.85	11	0.90166	N/A	GCF_042675965.1_ASM4267596v1_genomic__
id46	d__Bacteria;p__Bacillota;c__Bacilli;o__Bacillales_D;f__Amphibacillaceae;g__Lentibacillus;s__	N/A	N/A	N/A	N/A	N/A	N/A	N/A	N/A	N/A	N/A	d__Bacteria;p__Bacillota;c__Bacilli;o__Bacillales_D;f__Amphibacillaceae;g__Lentibacillus;s__	ANI	classification based on placement in class-level tree	GCF_900110695.1, s__Lentibacillus subterraneus, 95.0, 77.85, 0.216; GCF_017873675.1, s__Lentibacillus litoralis, 95.0, 77.68, 0.22; GCF_902806455.1, s__Lentibacillus doumboii, 95.0, 77.61, 0.203	95.03	11	0.92489	N/A	GCF_042654125.1_ASM4265412v1_genomic__
id47	d__Bacteria;p__Bacillota;c__Bacilli;o__Bacillales_D;f__Amphibacillaceae;g__Virgibacillus_H;s__Virgibacillus_H natechei	GCF_017874115.1	95.0	d__Bacteria;p__Bacillota;c__Bacilli;o__Bacillales_D;f__Amphibacillaceae;g__Virgibacillus_H;s__Virgibacillus_H natechei	99.99	0.994	GCF_017874115.1	95.0	d__Bacteria;p__Bacillota;c__Bacilli;o__Bacillales_D;f__Amphibacillaceae;g__Virgibacillus_H;s__Virgibacillus_H natechei	99.99	0.994	d__Bacteria;p__Bacillota;c__Bacilli;o__Bacillales_D;f__Amphibacillaceae;g__Virgibacillus_H;s__	ani_screen	classification based on ANI only	GCF_021560035.1, s__Virgibacillus_H sp021560035, 95.0, 81.12, 0.519; GCF_019837165.1, s__Virgibacillus_H sp019837165, 95.0, 78.92, 0.378	94.36	11	N/A	N/A	GCF_042675685.1_ASM4267568v1_genomic__
id48	d__Bacteria;p__Bacillota;c__Bacilli;o__Bacillales_D;f__Amphibacillaceae;g__Lentibacillus;s__Lentibacillus litoralis	GCF_017873675.1	95.0	d__Bacteria;p__Bacillota;c__Bacilli;o__Bacillales_D;f__Amphibacillaceae;g__Lentibacillus;s__Lentibacillus litoralis	100.0	0.999	GCF_017873675.1	95.0	d__Bacteria;p__Bacillota;c__Bacilli;o__Bacillales_D;f__Amphibacillaceae;g__Lentibacillus;s__Lentibacillus litoralis	100.0	0.999	d__Bacteria;p__Bacillota;c__Bacilli;o__Bacillales_D;f__Amphibacillaceae;g__Lentibacillus;s__	ani_screen	classification based on ANI only	GCF_900110695.1, s__Lentibacillus subterraneus, 95.0, 92.85, 0.852; GCF_902806455.1, s__Lentibacillus doumboii, 95.0, 78.41, 0.326	95.93	11	N/A	N/A	GCF_042643495.1_ASM4264349v1_genomic__
id49	d__Bacteria;p__Bacillota;c__Bacilli;o__Bacillales_D;f__Amphibacillaceae;g__Lentibacillus_A;s__	N/A	N/A	N/A	N/A	N/A	N/A	N/A	N/A	N/A	N/A	d__Bacteria;p__Bacillota;c__Bacilli;o__Bacillales_D;f__Amphibacillaceae;g__Lentibacillus_A;s__	taxonomic novelty determined using RED	classification based on placement in class-level tree	N/A	93.29	11	0.92213	N/A	GCF_042643265.1_ASM4264326v1_genomic__
id5	d__Bacteria;p__Bacillota;c__Bacilli;o__Bacillales_D;f__Amphibacillaceae;g__Virgibacillus;s__Virgibacillus dokdonensis	GCF_900166595.1	95.5968	d__Bacteria;p__Bacillota;c__Bacilli;o__Bacillales_D;f__Amphibacillaceae;g__Virgibacillus;s__Virgibacillus dokdonensis	98.88	0.904	GCF_900166595.1	95.5968	d__Bacteria;p__Bacillota;c__Bacilli;o__Bacillales_D;f__Amphibacillaceae;g__Virgibacillus;s__Virgibacillus dokdonensis	98.88	0.904	d__Bacteria;p__Bacillota;c__Bacilli;o__Bacillales_D;f__Amphibacillaceae;g__Virgibacillus;s__	ani_screen	classification based on ANI only	GCF_900129865.1, s__Virgibacillus chiguensis, 95.5968, 95.49, 0.897; GCF_018075365.1, s__Virgibacillus pantothenticus, 95.0, 80.92, 0.586; GCA_009917385.1, s__Virgibacillus sp009917385, 95.0, 80.75, 0.583; GCF_018916875.1, s__Virgibacillus proomii_B, 95.0, 78.26, 0.307; GCF_900162615.1, s__Virgibacillus proomii_A, 95.0, 78.06, 0.298	93.49	11	N/A	N/A	GCF_002849835.1_ASM284983v1_genomic__
id50	d__Bacteria;p__Bacillota;c__Bacilli;o__Bacillales_D;f__Amphibacillaceae;g__Lentibacillus_A;s__	N/A	N/A	N/A	N/A	N/A	N/A	N/A	N/A	N/A	N/A	d__Bacteria;p__Bacillota;c__Bacilli;o__Bacillales_D;f__Amphibacillaceae;g__Lentibacillus_A;s__	taxonomic novelty determined using RED	classification based on placement in class-level tree	N/A	94.02	11	0.92129	N/A	GCF_042643145.1_ASM4264314v1_genomic__
id51	d__Bacteria;p__Bacillota;c__Bacilli;o__Bacillales_D;f__Amphibacillaceae;g__Lentibacillus;s__	N/A	N/A	N/A	N/A	N/A	N/A	N/A	N/A	N/A	N/A	d__Bacteria;p__Bacillota;c__Bacilli;o__Bacillales_D;f__Amphibacillaceae;g__Lentibacillus;s__	taxonomic classification defined by topology and ANI	classification based on placement in class-level tree	GCF_017873675.1, s__Lentibacillus litoralis, 95.0, 88.9, 0.812; GCF_900110695.1, s__Lentibacillus subterraneus, 95.0, 88.6, 0.807; GCF_902806455.1, s__Lentibacillus doumboii, 95.0, 78.75, 0.323	96.78	11	0.977	Genome not assigned to closest species as it falls outside its pre-defined ANI radius	GCF_041949995.1_ASM4194999v1_genomic__
id52	d__Bacteria;p__Bacillota;c__Bacilli;o__Bacillales_D;f__Amphibacillaceae;g__Virgibacillus_H;s__	N/A	N/A	N/A	N/A	N/A	GCF_021560035.1	95.0	d__Bacteria;p__Bacillota;c__Bacilli;o__Bacillales_D;f__Amphibacillaceae;g__Virgibacillus_H;s__Virgibacillus_H sp021560035	87.93	0.711	d__Bacteria;p__Bacillota;c__Bacilli;o__Bacillales_D;f__Amphibacillaceae;g__Virgibacillus_H;s__	taxonomic classification defined by topology and ANI	classification based on placement in class-level tree	GCF_019837165.1, s__Virgibacillus_H sp019837165, 95.0, 83.97, 0.612; GCF_017874115.1, s__Virgibacillus_H natechei, 95.0, 80.18, 0.463	96.01	11	0.98158	Genome not assigned to closest species as it falls outside its pre-defined ANI radius	GCF_041871525.1_ASM4187152v1_genomic__
id53	d__Bacteria;p__Bacillota;c__Bacilli;o__Bacillales_D;f__Amphibacillaceae;g__Lentibacillus;s__	N/A	N/A	N/A	N/A	N/A	GCF_902726655.1	95.0	d__Bacteria;p__Bacillota;c__Bacilli;o__Bacillales_D;f__Amphibacillaceae;g__Lentibacillus;s__Lentibacillus ihumii	85.41	0.761	d__Bacteria;p__Bacillota;c__Bacilli;o__Bacillales_D;f__Amphibacillaceae;g__Lentibacillus;s__	taxonomic classification defined by topology and ANI	classification based on placement in class-level tree	GCF_900162695.1, s__Lentibacillus siamensis, 95.0, 80.45, 0.53; GCF_902806455.1, s__Lentibacillus doumboii, 95.0, 78.32, 0.249	95.87	11	0.98474	Genome not assigned to closest species as it falls outside its pre-defined ANI radius	GCF_039522605.1_ASM3952260v1_genomic__
id54	d__Bacteria;p__Bacillota;c__Bacilli;o__Bacillales_D;f__Amphibacillaceae;g__Virgibacillus;s__Virgibacillus sp016919725	GCF_016919725.2	95.0	d__Bacteria;p__Bacillota;c__Bacilli;o__Bacillales_D;f__Amphibacillaceae;g__Virgibacillus;s__Virgibacillus sp016919725	99.3	0.91	GCF_016919725.2	95.0	d__Bacteria;p__Bacillota;c__Bacilli;o__Bacillales_D;f__Amphibacillaceae;g__Virgibacillus;s__Virgibacillus sp016919725	99.3	0.91	d__Bacteria;p__Bacillota;c__Bacilli;o__Bacillales_D;f__Amphibacillaceae;g__Virgibacillus;s__	ani_screen	classification based on ANI only	GCF_014905415.1, s__Virgibacillus salexigens, 95.0, 79.16, 0.343; GCF_018075365.1, s__Virgibacillus pantothenticus, 95.0, 78.12, 0.206; GCF_018916875.1, s__Virgibacillus proomii_B, 95.0, 77.83, 0.208; GCF_900162615.1, s__Virgibacillus proomii_A, 95.0, 77.74, 0.193	95.09	11	N/A	N/A	GCF_039521925.1_ASM3952192v1_genomic__
id55	d__Bacteria;p__Bacillota;c__Bacilli;o__Bacillales_D;f__Amphibacillaceae;g__Virgibacillus;s__Virgibacillus dokdonensis	GCF_900166595.1	95.5968	d__Bacteria;p__Bacillota;c__Bacilli;o__Bacillales_D;f__Amphibacillaceae;g__Virgibacillus;s__Virgibacillus dokdonensis	98.92	0.942	GCF_900166595.1	95.5968	d__Bacteria;p__Bacillota;c__Bacilli;o__Bacillales_D;f__Amphibacillaceae;g__Virgibacillus;s__Virgibacillus dokdonensis	98.92	0.942	d__Bacteria;p__Bacillota;c__Bacilli;o__Bacillales_D;f__Amphibacillaceae;g__Virgibacillus;s__	ani_screen	classification based on ANI only	GCF_900129865.1, s__Virgibacillus chiguensis, 95.5968, 95.58, 0.899; GCA_009917385.1, s__Virgibacillus sp009917385, 95.0, 80.82, 0.618; GCF_018075365.1, s__Virgibacillus pantothenticus, 95.0, 80.63, 0.612; GCF_900162615.1, s__Virgibacillus proomii_A, 95.0, 78.02, 0.314; GCF_018916875.1, s__Virgibacillus proomii_B, 95.0, 78.0, 0.311	93.29	11	N/A	N/A	GCF_036543105.1_ASM3654310v1_genomic__
id56	d__Bacteria;p__Bacillota;c__Bacilli;o__Bacillales_D;f__Amphibacillaceae;g__;s__	N/A	N/A	N/A	N/A	N/A	N/A	N/A	N/A	N/A	N/A	d__Bacteria;p__Bacillota;c__Bacilli;o__Bacillales_D;f__Amphibacillaceae;g__;s__	taxonomic classification fully defined by topology	classification based on placement in class-level tree	N/A	93.53	11	0.85118	N/A	GCF_036409425.1_ASM3640942v1_genomic__
id57	d__Bacteria;p__Bacillota;c__Bacilli;o__Bacillales_D;f__Amphibacillaceae;g__Virgibacillus;s__Virgibacillus pantothenticus	GCF_018075365.1	95.0	d__Bacteria;p__Bacillota;c__Bacilli;o__Bacillales_D;f__Amphibacillaceae;g__Virgibacillus;s__Virgibacillus pantothenticus	99.97	0.999	GCF_018075365.1	95.0	d__Bacteria;p__Bacillota;c__Bacilli;o__Bacillales_D;f__Amphibacillaceae;g__Virgibacillus;s__Virgibacillus pantothenticus	99.97	0.999	d__Bacteria;p__Bacillota;c__Bacilli;o__Bacillales_D;f__Amphibacillaceae;g__Virgibacillus;s__	ani_screen	classification based on ANI only	GCA_009917385.1, s__Virgibacillus sp009917385, 95.0, 92.7, 0.806; GCF_900166595.1, s__Virgibacillus dokdonensis, 95.5968, 80.79, 0.544; GCF_900129865.1, s__Virgibacillus chiguensis, 95.5968, 80.4, 0.594; GCF_900162615.1, s__Virgibacillus proomii_A, 95.0, 80.22, 0.372; GCF_018916875.1, s__Virgibacillus proomii_B, 95.0, 79.61, 0.365	92.65	11	N/A	N/A	GCF_036219765.1_ASM3621976v1_genomic__
id58	d__Bacteria;p__Bacillota;c__Bacilli;o__Bacillales_D;f__Amphibacillaceae;g__Virgibacillus;s__	N/A	N/A	N/A	N/A	N/A	N/A	N/A	N/A	N/A	N/A	d__Bacteria;p__Bacillota;c__Bacilli;o__Bacillales_D;f__Amphibacillaceae;g__Virgibacillus;s__	taxonomic classification fully defined by topology	classification based on placement in class-level tree	N/A	92.57	11	0.91459	N/A	GCF_036026595.1_ASM3602659v1_genomic__
id59	d__Bacteria;p__Bacillota;c__Bacilli;o__Bacillales_D;f__Amphibacillaceae;g__Virgibacillus;s__Virgibacillus halodenitrificans	GCF_001310895.1	95.0	d__Bacteria;p__Bacillota;c__Bacilli;o__Bacillales_D;f__Amphibacillaceae;g__Virgibacillus;s__Virgibacillus halodenitrificans	98.28	0.895	GCF_001310895.1	95.0	d__Bacteria;p__Bacillota;c__Bacilli;o__Bacillales_D;f__Amphibacillaceae;g__Virgibacillus;s__Virgibacillus halodenitrificans	98.28	0.895	d__Bacteria;p__Bacillota;c__Bacilli;o__Bacillales_D;f__Amphibacillaceae;g__Virgibacillus;s__	ani_screen	classification based on ANI only	GCF_000725285.1, s__Virgibacillus sp000725285, 95.0, 90.97, 0.859	95.97	11	N/A	N/A	GCF_035812655.1_ASM3581265v1_genomic__
id6	d__Bacteria;p__Bacillota;c__Bacilli;o__Bacillales_D;f__Amphibacillaceae;g__Virgibacillus_G;s__Virgibacillus_G profundi	GCF_002287375.1	95.0	d__Bacteria;p__Bacillota;c__Bacilli;o__Bacillales_D;f__Amphibacillaceae;g__Virgibacillus_G;s__Virgibacillus_G profundi	100.0	0.998	GCF_002287375.1	95.0	d__Bacteria;p__Bacillota;c__Bacilli;o__Bacillales_D;f__Amphibacillaceae;g__Virgibacillus_G;s__Virgibacillus_G profundi	100.0	0.998	d__Bacteria;p__Bacillota;c__Bacilli;o__Bacillales_D;f__Amphibacillaceae;g__Virgibacillus_G;s__	ani_screen	classification based on ANI only	GCF_002266285.1, s__Virgibacillus_G indicus, 95.0, 80.48, 0.498	94.16	11	N/A	N/A	GCF_002807645.1_ASM280764v1_genomic__
id60	d__Bacteria;p__Bacillota;c__Bacilli;o__Bacillales_D;f__Amphibacillaceae;g__Virgibacillus;s__Virgibacillus pantothenticus	GCF_018075365.1	95.0	d__Bacteria;p__Bacillota;c__Bacilli;o__Bacillales_D;f__Amphibacillaceae;g__Virgibacillus;s__Virgibacillus pantothenticus	99.5	0.91	GCF_018075365.1	95.0	d__Bacteria;p__Bacillota;c__Bacilli;o__Bacillales_D;f__Amphibacillaceae;g__Virgibacillus;s__Virgibacillus pantothenticus	99.5	0.91	d__Bacteria;p__Bacillota;c__Bacilli;o__Bacillales_D;f__Amphibacillaceae;g__Virgibacillus;s__	ani_screen	classification based on ANI only	GCA_009917385.1, s__Virgibacillus sp009917385, 95.0, 92.68, 0.846; GCF_900166595.1, s__Virgibacillus dokdonensis, 95.5968, 80.76, 0.544; GCF_900162615.1, s__Virgibacillus proomii_A, 95.0, 80.46, 0.378; GCF_900129865.1, s__Virgibacillus chiguensis, 95.5968, 80.45, 0.594; GCF_018916875.1, s__Virgibacillus proomii_B, 95.0, 79.83, 0.38	92.65	11	N/A	N/A	GCF_035771545.1_ASM3577154v1_genomic__
id61	d__Bacteria;p__Bacillota;c__Bacilli;o__Bacillales_D;f__Amphibacillaceae;g__Virgibacillus;s__Virgibacillus sp016919725	GCF_016919725.2	95.0	d__Bacteria;p__Bacillota;c__Bacilli;o__Bacillales_D;f__Amphibacillaceae;g__Virgibacillus;s__Virgibacillus sp016919725	99.48	0.934	GCF_016919725.2	95.0	d__Bacteria;p__Bacillota;c__Bacilli;o__Bacillales_D;f__Amphibacillaceae;g__Virgibacillus;s__Virgibacillus sp016919725	99.48	0.934	d__Bacteria;p__Bacillota;c__Bacilli;o__Bacillales_D;f__Amphibacillaceae;g__Virgibacillus;s__	ani_screen	classification based on ANI only	GCF_014905415.1, s__Virgibacillus salexigens, 95.0, 79.15, 0.354; GCF_018916875.1, s__Virgibacillus proomii_B, 95.0, 77.86, 0.21; GCF_900162615.1, s__Virgibacillus proomii_A, 95.0, 77.71, 0.211; GCF_018075365.1, s__Virgibacillus pantothenticus, 95.0, 77.66, 0.206	94.26	11	N/A	N/A	GCF_947496135.1_145.fasta_genomic__
id62	d__Bacteria;p__Bacillota;c__Bacilli;o__Bacillales_D;f__Amphibacillaceae;g__Virgibacillus;s__Virgibacillus pantothenticus	GCF_018075365.1	95.0	d__Bacteria;p__Bacillota;c__Bacilli;o__Bacillales_D;f__Amphibacillaceae;g__Virgibacillus;s__Virgibacillus pantothenticus	99.5	0.909	GCF_018075365.1	95.0	d__Bacteria;p__Bacillota;c__Bacilli;o__Bacillales_D;f__Amphibacillaceae;g__Virgibacillus;s__Virgibacillus pantothenticus	99.5	0.909	d__Bacteria;p__Bacillota;c__Bacilli;o__Bacillales_D;f__Amphibacillaceae;g__Virgibacillus;s__	ani_screen	classification based on ANI only	GCA_009917385.1, s__Virgibacillus sp009917385, 95.0, 92.68, 0.846; GCF_900166595.1, s__Virgibacillus dokdonensis, 95.5968, 80.77, 0.547; GCF_900162615.1, s__Virgibacillus proomii_A, 95.0, 80.45, 0.38; GCF_900129865.1, s__Virgibacillus chiguensis, 95.5968, 80.44, 0.608; GCF_018916875.1, s__Virgibacillus proomii_B, 95.0, 79.77, 0.375	92.65	11	N/A	N/A	GCF_035771535.1_ASM3577153v1_genomic__
id63	d__Bacteria;p__Bacillota;c__Bacilli;o__Bacillales_D;f__Amphibacillaceae;g__Virgibacillus;s__Virgibacillus pantothenticus	GCF_018075365.1	95.0	d__Bacteria;p__Bacillota;c__Bacilli;o__Bacillales_D;f__Amphibacillaceae;g__Virgibacillus;s__Virgibacillus pantothenticus	99.49	0.912	GCF_018075365.1	95.0	d__Bacteria;p__Bacillota;c__Bacilli;o__Bacillales_D;f__Amphibacillaceae;g__Virgibacillus;s__Virgibacillus pantothenticus	99.49	0.912	d__Bacteria;p__Bacillota;c__Bacilli;o__Bacillales_D;f__Amphibacillaceae;g__Virgibacillus;s__	ani_screen	classification based on ANI only	GCA_009917385.1, s__Virgibacillus sp009917385, 95.0, 92.69, 0.846; GCF_900166595.1, s__Virgibacillus dokdonensis, 95.5968, 80.77, 0.549; GCF_900162615.1, s__Virgibacillus proomii_A, 95.0, 80.51, 0.382; GCF_900129865.1, s__Virgibacillus chiguensis, 95.5968, 80.4, 0.603; GCF_018916875.1, s__Virgibacillus proomii_B, 95.0, 79.92, 0.376	92.65	11	N/A	N/A	GCF_035771525.1_ASM3577152v1_genomic__
id64	d__Bacteria;p__Bacillota;c__Bacilli;o__Bacillales_D;f__Amphibacillaceae;g__Virgibacillus;s__Virgibacillus pantothenticus	GCF_018075365.1	95.0	d__Bacteria;p__Bacillota;c__Bacilli;o__Bacillales_D;f__Amphibacillaceae;g__Virgibacillus;s__Virgibacillus pantothenticus	99.5	0.909	GCF_018075365.1	95.0	d__Bacteria;p__Bacillota;c__Bacilli;o__Bacillales_D;f__Amphibacillaceae;g__Virgibacillus;s__Virgibacillus pantothenticus	99.5	0.909	d__Bacteria;p__Bacillota;c__Bacilli;o__Bacillales_D;f__Amphibacillaceae;g__Virgibacillus;s__	ani_screen	classification based on ANI only	GCA_009917385.1, s__Virgibacillus sp009917385, 95.0, 92.68, 0.841; GCF_900166595.1, s__Virgibacillus dokdonensis, 95.5968, 80.77, 0.545; GCF_900162615.1, s__Virgibacillus proomii_A, 95.0, 80.52, 0.385; GCF_900129865.1, s__Virgibacillus chiguensis, 95.5968, 80.43, 0.597; GCF_018916875.1, s__Virgibacillus proomii_B, 95.0, 79.88, 0.374	92.65	11	N/A	N/A	GCF_035770985.1_ASM3577098v1_genomic__
id65	d__Bacteria;p__Bacillota;c__Bacilli;o__Bacillales_D;f__Amphibacillaceae;g__Virgibacillus;s__Virgibacillus pantothenticus	GCF_018075365.1	95.0	d__Bacteria;p__Bacillota;c__Bacilli;o__Bacillales_D;f__Amphibacillaceae;g__Virgibacillus;s__Virgibacillus pantothenticus	99.51	0.912	GCF_018075365.1	95.0	d__Bacteria;p__Bacillota;c__Bacilli;o__Bacillales_D;f__Amphibacillaceae;g__Virgibacillus;s__Virgibacillus pantothenticus	99.51	0.912	d__Bacteria;p__Bacillota;c__Bacilli;o__Bacillales_D;f__Amphibacillaceae;g__Virgibacillus;s__	ani_screen	classification based on ANI only	GCA_009917385.1, s__Virgibacillus sp009917385, 95.0, 92.69, 0.845; GCF_900166595.1, s__Virgibacillus dokdonensis, 95.5968, 80.78, 0.547; GCF_900162615.1, s__Virgibacillus proomii_A, 95.0, 80.46, 0.382; GCF_900129865.1, s__Virgibacillus chiguensis, 95.5968, 80.4, 0.607; GCF_018916875.1, s__Virgibacillus proomii_B, 95.0, 79.89, 0.369	92.65	11	N/A	N/A	GCF_035770845.1_ASM3577084v1_genomic__
id66	d__Bacteria;p__Bacillota;c__Bacilli;o__Bacillales_D;f__Amphibacillaceae;g__Virgibacillus_B;s__Virgibacillus_B alimentarius	GCF_000709085.1	95.0	d__Bacteria;p__Bacillota;c__Bacilli;o__Bacillales_D;f__Amphibacillaceae;g__Virgibacillus_B;s__Virgibacillus_B alimentarius	99.66	0.854	GCF_000709085.1	95.0	d__Bacteria;p__Bacillota;c__Bacilli;o__Bacillales_D;f__Amphibacillaceae;g__Virgibacillus_B;s__Virgibacillus_B alimentarius	99.66	0.854	d__Bacteria;p__Bacillota;c__Bacilli;o__Bacillales_D;f__Amphibacillaceae;g__;s__	ani_screen	classification based on ANI only	N/A	81.81	11	N/A	N/A	GCF_035301465.1_ASM3530146v1_genomic__
id67	d__Bacteria;p__Bacillota;c__Bacilli;o__Bacillales_D;f__Amphibacillaceae;g__Virgibacillus;s__Virgibacillus pantothenticus	GCF_018075365.1	95.0	d__Bacteria;p__Bacillota;c__Bacilli;o__Bacillales_D;f__Amphibacillaceae;g__Virgibacillus;s__Virgibacillus pantothenticus	99.58	0.953	GCF_018075365.1	95.0	d__Bacteria;p__Bacillota;c__Bacilli;o__Bacillales_D;f__Amphibacillaceae;g__Virgibacillus;s__Virgibacillus pantothenticus	99.58	0.953	d__Bacteria;p__Bacillota;c__Bacilli;o__Bacillales_D;f__Amphibacillaceae;g__Virgibacillus;s__	ani_screen	classification based on ANI only	GCA_009917385.1, s__Virgibacillus sp009917385, 95.0, 92.73, 0.832; GCF_900166595.1, s__Virgibacillus dokdonensis, 95.5968, 80.76, 0.576; GCF_900129865.1, s__Virgibacillus chiguensis, 95.5968, 80.41, 0.573; GCF_900162615.1, s__Virgibacillus proomii_A, 95.0, 80.01, 0.368; GCF_018916875.1, s__Virgibacillus proomii_B, 95.0, 79.74, 0.356	92.19	11	N/A	N/A	GCF_030405945.1_ASM3040594v1_genomic__
id68	d__Bacteria;p__Bacillota;c__Bacilli;o__Bacillales_D;f__Amphibacillaceae;g__;s__	N/A	N/A	N/A	N/A	N/A	N/A	N/A	N/A	N/A	N/A	d__Bacteria;p__Bacillota;c__Bacilli;o__Bacillales_D;f__Amphibacillaceae;g__;s__	taxonomic classification fully defined by topology	classification based on placement in class-level tree	N/A	94.32	11	0.85114	N/A	GCF_030137545.1_ASM3013754v1_genomic__
id69	d__Bacteria;p__Bacillota;c__Bacilli;o__Bacillales_D;f__Amphibacillaceae;g__Virgibacillus;s__Virgibacillus halodenitrificans	GCF_001310895.1	95.0	d__Bacteria;p__Bacillota;c__Bacilli;o__Bacillales_D;f__Amphibacillaceae;g__Virgibacillus;s__Virgibacillus halodenitrificans	98.16	0.898	GCF_001310895.1	95.0	d__Bacteria;p__Bacillota;c__Bacilli;o__Bacillales_D;f__Amphibacillaceae;g__Virgibacillus;s__Virgibacillus halodenitrificans	98.16	0.898	d__Bacteria;p__Bacillota;c__Bacilli;o__Bacillales_D;f__Amphibacillaceae;g__Virgibacillus;s__	ani_screen	classification based on ANI only	GCF_000725285.1, s__Virgibacillus sp000725285, 95.0, 90.84, 0.824	95.97	11	N/A	N/A	GCF_030122745.1_ASM3012274v1_genomic__
id7	d__Bacteria;p__Bacillota;c__Bacilli;o__Bacillales_D;f__Amphibacillaceae;g__Virgibacillus_G;s__Virgibacillus_G profundi	GCF_002287375.1	95.0	d__Bacteria;p__Bacillota;c__Bacilli;o__Bacillales_D;f__Amphibacillaceae;g__Virgibacillus_G;s__Virgibacillus_G profundi	100.0	0.999	GCF_002287375.1	95.0	d__Bacteria;p__Bacillota;c__Bacilli;o__Bacillales_D;f__Amphibacillaceae;g__Virgibacillus_G;s__Virgibacillus_G profundi	100.0	0.999	d__Bacteria;p__Bacillota;c__Bacilli;o__Bacillales_D;f__Amphibacillaceae;g__Virgibacillus_G;s__	ani_screen	classification based on ANI only	GCF_002266285.1, s__Virgibacillus_G indicus, 95.0, 80.47, 0.502	94.16	11	N/A	N/A	GCF_002287375.1_ASM228737v1_genomic__
id70	d__Bacteria;p__Bacillota;c__Bacilli;o__Bacillales_D;f__Amphibacillaceae;g__Virgibacillus;s__Virgibacillus sp016919725	GCF_016919725.2	95.0	d__Bacteria;p__Bacillota;c__Bacilli;o__Bacillales_D;f__Amphibacillaceae;g__Virgibacillus;s__Virgibacillus sp016919725	99.24	0.889	GCF_016919725.2	95.0	d__Bacteria;p__Bacillota;c__Bacilli;o__Bacillales_D;f__Amphibacillaceae;g__Virgibacillus;s__Virgibacillus sp016919725	99.24	0.889	d__Bacteria;p__Bacillota;c__Bacilli;o__Bacillales_D;f__Amphibacillaceae;g__Virgibacillus;s__	ani_screen	classification based on ANI only	GCF_014905415.1, s__Virgibacillus salexigens, 95.0, 79.05, 0.348; GCF_018916875.1, s__Virgibacillus proomii_B, 95.0, 77.68, 0.214; GCF_900162615.1, s__Virgibacillus proomii_A, 95.0, 77.63, 0.207	87.79	11	N/A	N/A	GCF_027941815.1_ASM2794181v1_genomic__
id71	d__Bacteria;p__Bacillota;c__Bacilli;o__Bacillales_D;f__Amphibacillaceae;g__Virgibacillus_H;s__Virgibacillus_H natechei	GCF_017874115.1	95.0	d__Bacteria;p__Bacillota;c__Bacilli;o__Bacillales_D;f__Amphibacillaceae;g__Virgibacillus_H;s__Virgibacillus_H natechei	100.0	0.999	GCF_017874115.1	95.0	d__Bacteria;p__Bacillota;c__Bacilli;o__Bacillales_D;f__Amphibacillaceae;g__Virgibacillus_H;s__Virgibacillus_H natechei	100.0	0.999	d__Bacteria;p__Bacillota;c__Bacilli;o__Bacillales_D;f__Amphibacillaceae;g__Virgibacillus_H;s__	ani_screen	classification based on ANI only	GCF_021560035.1, s__Virgibacillus_H sp021560035, 95.0, 81.18, 0.53; GCF_019837165.1, s__Virgibacillus_H sp019837165, 95.0, 79.18, 0.372	94.36	11	N/A	N/A	GCF_026013645.1_ASM2601364v1_genomic__
id72	d__Bacteria;p__Bacillota;c__Bacilli;o__Bacillales_D;f__Amphibacillaceae;g__Virgibacillus;s__Virgibacillus sp016919725	GCF_016919725.2	95.0	d__Bacteria;p__Bacillota;c__Bacilli;o__Bacillales_D;f__Amphibacillaceae;g__Virgibacillus;s__Virgibacillus sp016919725	99.49	0.914	GCF_016919725.2	95.0	d__Bacteria;p__Bacillota;c__Bacilli;o__Bacillales_D;f__Amphibacillaceae;g__Virgibacillus;s__Virgibacillus sp016919725	99.49	0.914	d__Bacteria;p__Bacillota;c__Bacilli;o__Bacillales_D;f__Amphibacillaceae;g__Virgibacillus;s__	ani_screen	classification based on ANI only	GCF_014905415.1, s__Virgibacillus salexigens, 95.0, 79.09, 0.347; GCF_018075365.1, s__Virgibacillus pantothenticus, 95.0, 77.87, 0.209; GCF_018916875.1, s__Virgibacillus proomii_B, 95.0, 77.73, 0.217; GCF_900162615.1, s__Virgibacillus proomii_A, 95.0, 77.66, 0.213	94.26	11	N/A	N/A	GCF_947496945.1_4-1022-2-3Z.fasta_genomic__
id73	d__Bacteria;p__Bacillota;c__Bacilli;o__Bacillales_D;f__Amphibacillaceae;g__Virgibacillus;s__Virgibacillus halodenitrificans	GCF_001310895.1	95.0	d__Bacteria;p__Bacillota;c__Bacilli;o__Bacillales_D;f__Amphibacillaceae;g__Virgibacillus;s__Virgibacillus halodenitrificans	98.37	0.892	GCF_001310895.1	95.0	d__Bacteria;p__Bacillota;c__Bacilli;o__Bacillales_D;f__Amphibacillaceae;g__Virgibacillus;s__Virgibacillus halodenitrificans	98.37	0.892	d__Bacteria;p__Bacillota;c__Bacilli;o__Bacillales_D;f__Amphibacillaceae;g__Virgibacillus;s__	ani_screen	classification based on ANI only	GCF_000725285.1, s__Virgibacillus sp000725285, 95.0, 90.78, 0.822	95.97	11	N/A	N/A	GCF_022810285.1_ASM2281028v1_genomic__
id74	d__Bacteria;p__Bacillota;c__Bacilli;o__Bacillales_D;f__Amphibacillaceae;g__Virgibacillus;s__Virgibacillus halodenitrificans	GCF_001310895.1	95.0	d__Bacteria;p__Bacillota;c__Bacilli;o__Bacillales_D;f__Amphibacillaceae;g__Virgibacillus;s__Virgibacillus halodenitrificans	98.32	0.881	GCF_001310895.1	95.0	d__Bacteria;p__Bacillota;c__Bacilli;o__Bacillales_D;f__Amphibacillaceae;g__Virgibacillus;s__Virgibacillus halodenitrificans	98.32	0.881	d__Bacteria;p__Bacillota;c__Bacilli;o__Bacillales_D;f__Amphibacillaceae;g__Virgibacillus;s__	ani_screen	classification based on ANI only	GCF_000725285.1, s__Virgibacillus sp000725285, 95.0, 91.02, 0.842	95.15	11	N/A	N/A	GCF_021991675.1_ASM2199167v1_genomic__
id75	d__Bacteria;p__Bacillota;c__Bacilli;o__Bacillales_D;f__Amphibacillaceae;g__Virgibacillus_H;s__Virgibacillus_H sp021560035	GCF_021560035.1	95.0	d__Bacteria;p__Bacillota;c__Bacilli;o__Bacillales_D;f__Amphibacillaceae;g__Virgibacillus_H;s__Virgibacillus_H sp021560035	100.0	1.0	GCF_021560035.1	95.0	d__Bacteria;p__Bacillota;c__Bacilli;o__Bacillales_D;f__Amphibacillaceae;g__Virgibacillus_H;s__Virgibacillus_H sp021560035	100.0	1.0	d__Bacteria;p__Bacillota;c__Bacilli;o__Bacillales_D;f__Amphibacillaceae;g__Virgibacillus_H;s__	ani_screen	classification based on ANI only	GCF_019837165.1, s__Virgibacillus_H sp019837165, 95.0, 84.24, 0.605; GCF_017874115.1, s__Virgibacillus_H natechei, 95.0, 81.05, 0.524	93.49	11	N/A	N/A	GCF_021560035.1_ASM2156003v1_genomic__
id76	d__Bacteria;p__Bacillota;c__Bacilli;o__Bacillales_D;f__Amphibacillaceae;g__Virgibacillus;s__Virgibacillus halodenitrificans	GCF_001310895.1	95.0	d__Bacteria;p__Bacillota;c__Bacilli;o__Bacillales_D;f__Amphibacillaceae;g__Virgibacillus;s__Virgibacillus halodenitrificans	98.08	0.887	GCF_001310895.1	95.0	d__Bacteria;p__Bacillota;c__Bacilli;o__Bacillales_D;f__Amphibacillaceae;g__Virgibacillus;s__Virgibacillus halodenitrificans	98.08	0.887	d__Bacteria;p__Bacillota;c__Bacilli;o__Bacillales_D;f__Amphibacillaceae;g__Virgibacillus;s__	ani_screen	classification based on ANI only	GCF_000725285.1, s__Virgibacillus sp000725285, 95.0, 90.97, 0.845	95.95	11	N/A	N/A	GCF_021391295.1_ASM2139129v1_genomic__
id77	d__Bacteria;p__Bacillota;c__Bacilli;o__Bacillales_D;f__Amphibacillaceae;g__Virgibacillus_H;s__Virgibacillus_H sp019837165	GCF_019837165.1	95.0	d__Bacteria;p__Bacillota;c__Bacilli;o__Bacillales_D;f__Amphibacillaceae;g__Virgibacillus_H;s__Virgibacillus_H sp019837165	100.0	1.0	GCF_019837165.1	95.0	d__Bacteria;p__Bacillota;c__Bacilli;o__Bacillales_D;f__Amphibacillaceae;g__Virgibacillus_H;s__Virgibacillus_H sp019837165	100.0	1.0	d__Bacteria;p__Bacillota;c__Bacilli;o__Bacillales_D;f__Amphibacillaceae;g__Virgibacillus_H;s__	ani_screen	classification based on ANI only	GCF_021560035.1, s__Virgibacillus_H sp021560035, 95.0, 84.24, 0.605; GCF_017874115.1, s__Virgibacillus_H natechei, 95.0, 78.99, 0.367	94.8	11	N/A	N/A	GCF_019837165.1_ASM1983716v1_genomic__
id78	d__Bacteria;p__Bacillota;c__Bacilli;o__Bacillales_D;f__Amphibacillaceae;g__Virgibacillus;s__Virgibacillus pantothenticus	GCF_018075365.1	95.0	d__Bacteria;p__Bacillota;c__Bacilli;o__Bacillales_D;f__Amphibacillaceae;g__Virgibacillus;s__Virgibacillus pantothenticus	99.5	0.904	GCF_018075365.1	95.0	d__Bacteria;p__Bacillota;c__Bacilli;o__Bacillales_D;f__Amphibacillaceae;g__Virgibacillus;s__Virgibacillus pantothenticus	99.5	0.904	d__Bacteria;p__Bacillota;c__Bacilli;o__Bacillales_D;f__Amphibacillaceae;g__Virgibacillus;s__	ani_screen	classification based on ANI only	GCA_009917385.1, s__Virgibacillus sp009917385, 95.0, 92.72, 0.842; GCF_900166595.1, s__Virgibacillus dokdonensis, 95.5968, 80.8, 0.55; GCF_900162615.1, s__Virgibacillus proomii_A, 95.0, 80.42, 0.38; GCF_900129865.1, s__Virgibacillus chiguensis, 95.5968, 80.42, 0.614; GCF_018916875.1, s__Virgibacillus proomii_B, 95.0, 79.88, 0.375	92.65	11	N/A	N/A	GCF_019038005.1_ASM1903800v1_genomic__
id79	d__Bacteria;p__Bacillota;c__Bacilli;o__Bacillales_D;f__Amphibacillaceae;g__Virgibacillus;s__Virgibacillus pantothenticus	GCF_018075365.1	95.0	d__Bacteria;p__Bacillota;c__Bacilli;o__Bacillales_D;f__Amphibacillaceae;g__Virgibacillus;s__Virgibacillus pantothenticus	99.5	0.904	GCF_018075365.1	95.0	d__Bacteria;p__Bacillota;c__Bacilli;o__Bacillales_D;f__Amphibacillaceae;g__Virgibacillus;s__Virgibacillus pantothenticus	99.5	0.904	d__Bacteria;p__Bacillota;c__Bacilli;o__Bacillales_D;f__Amphibacillaceae;g__Virgibacillus;s__	ani_screen	classification based on ANI only	GCA_009917385.1, s__Virgibacillus sp009917385, 95.0, 92.74, 0.842; GCF_900166595.1, s__Virgibacillus dokdonensis, 95.5968, 80.79, 0.552; GCF_900129865.1, s__Virgibacillus chiguensis, 95.5968, 80.48, 0.606; GCF_900162615.1, s__Virgibacillus proomii_A, 95.0, 80.42, 0.38; GCF_018916875.1, s__Virgibacillus proomii_B, 95.0, 79.88, 0.38	92.65	11	N/A	N/A	GCF_019037945.1_ASM1903794v1_genomic__
id8	d__Bacteria;p__Bacillota;c__Bacilli;o__Bacillales_D;f__Amphibacillaceae;g__Virgibacillus_G;s__Virgibacillus_G indicus	GCF_002266285.1	95.0	d__Bacteria;p__Bacillota;c__Bacilli;o__Bacillales_D;f__Amphibacillaceae;g__Virgibacillus_G;s__Virgibacillus_G indicus	100.0	1.0	GCF_002266285.1	95.0	d__Bacteria;p__Bacillota;c__Bacilli;o__Bacillales_D;f__Amphibacillaceae;g__Virgibacillus_G;s__Virgibacillus_G indicus	100.0	1.0	d__Bacteria;p__Bacillota;c__Bacilli;o__Bacillales_D;f__Amphibacillaceae;g__Virgibacillus_G;s__	ani_screen	classification based on ANI only	GCF_002287375.1, s__Virgibacillus_G profundi, 95.0, 80.47, 0.502	95.07	11	N/A	N/A	GCF_002266285.1_ASM226628v1_genomic__
id80	d__Bacteria;p__Bacillota;c__Bacilli;o__Bacillales_D;f__Amphibacillaceae;g__Virgibacillus;s__Virgibacillus pantothenticus	GCF_018075365.1	95.0	d__Bacteria;p__Bacillota;c__Bacilli;o__Bacillales_D;f__Amphibacillaceae;g__Virgibacillus;s__Virgibacillus pantothenticus	99.5	0.905	GCF_018075365.1	95.0	d__Bacteria;p__Bacillota;c__Bacilli;o__Bacillales_D;f__Amphibacillaceae;g__Virgibacillus;s__Virgibacillus pantothenticus	99.5	0.905	d__Bacteria;p__Bacillota;c__Bacilli;o__Bacillales_D;f__Amphibacillaceae;g__Virgibacillus;s__	ani_screen	classification based on ANI only	GCA_009917385.1, s__Virgibacillus sp009917385, 95.0, 92.71, 0.84; GCF_900166595.1, s__Virgibacillus dokdonensis, 95.5968, 80.83, 0.548; GCF_900129865.1, s__Virgibacillus chiguensis, 95.5968, 80.54, 0.607; GCF_900162615.1, s__Virgibacillus proomii_A, 95.0, 80.38, 0.385; GCF_018916875.1, s__Virgibacillus proomii_B, 95.0, 79.92, 0.374	92.65	11	N/A	N/A	GCF_019037875.1_ASM1903787v1_genomic__
id81	d__Bacteria;p__Bacillota;c__Bacilli;o__Bacillales_D;f__Amphibacillaceae;g__Virgibacillus;s__Virgibacillus pantothenticus	GCF_018075365.1	95.0	d__Bacteria;p__Bacillota;c__Bacilli;o__Bacillales_D;f__Amphibacillaceae;g__Virgibacillus;s__Virgibacillus pantothenticus	99.51	0.906	GCF_018075365.1	95.0	d__Bacteria;p__Bacillota;c__Bacilli;o__Bacillales_D;f__Amphibacillaceae;g__Virgibacillus;s__Virgibacillus pantothenticus	99.51	0.906	d__Bacteria;p__Bacillota;c__Bacilli;o__Bacillales_D;f__Amphibacillaceae;g__Virgibacillus;s__	ani_screen	classification based on ANI only	GCA_009917385.1, s__Virgibacillus sp009917385, 95.0, 92.66, 0.842; GCF_900166595.1, s__Virgibacillus dokdonensis, 95.5968, 80.82, 0.543; GCF_900129865.1, s__Virgibacillus chiguensis, 95.5968, 80.56, 0.594; GCF_900162615.1, s__Virgibacillus proomii_A, 95.0, 80.41, 0.38; GCF_018916875.1, s__Virgibacillus proomii_B, 95.0, 79.86, 0.377	92.65	11	N/A	N/A	GCF_019037815.1_ASM1903781v1_genomic__
id82	d__Bacteria;p__Bacillota;c__Bacilli;o__Bacillales_D;f__Amphibacillaceae;g__Virgibacillus;s__Virgibacillus pantothenticus	GCF_018075365.1	95.0	d__Bacteria;p__Bacillota;c__Bacilli;o__Bacillales_D;f__Amphibacillaceae;g__Virgibacillus;s__Virgibacillus pantothenticus	99.49	0.911	GCF_018075365.1	95.0	d__Bacteria;p__Bacillota;c__Bacilli;o__Bacillales_D;f__Amphibacillaceae;g__Virgibacillus;s__Virgibacillus pantothenticus	99.49	0.911	d__Bacteria;p__Bacillota;c__Bacilli;o__Bacillales_D;f__Amphibacillaceae;g__Virgibacillus;s__	ani_screen	classification based on ANI only	GCA_009917385.1, s__Virgibacillus sp009917385, 95.0, 92.72, 0.84; GCF_900166595.1, s__Virgibacillus dokdonensis, 95.5968, 80.78, 0.553; GCF_900129865.1, s__Virgibacillus chiguensis, 95.5968, 80.48, 0.608; GCF_900162615.1, s__Virgibacillus proomii_A, 95.0, 80.35, 0.381; GCF_018916875.1, s__Virgibacillus proomii_B, 95.0, 79.85, 0.374	92.65	11	N/A	N/A	GCF_019037865.1_ASM1903786v1_genomic__
id83	d__Bacteria;p__Bacillota;c__Bacilli;o__Bacillales_D;f__Amphibacillaceae;g__Lentibacillus;s__Lentibacillus doumboii	GCF_902806455.1	95.0	d__Bacteria;p__Bacillota;c__Bacilli;o__Bacillales_D;f__Amphibacillaceae;g__Lentibacillus;s__Lentibacillus doumboii	100.0	1.0	GCF_902806455.1	95.0	d__Bacteria;p__Bacillota;c__Bacilli;o__Bacillales_D;f__Amphibacillaceae;g__Lentibacillus;s__Lentibacillus doumboii	100.0	1.0	d__Bacteria;p__Bacillota;c__Bacilli;o__Bacillales_D;f__Amphibacillaceae;g__Lentibacillus;s__	ani_screen	classification based on ANI only	GCF_902726655.1, s__Lentibacillus ihumii, 95.0, 78.7, 0.235; GCF_900162695.1, s__Lentibacillus siamensis, 95.0, 78.58, 0.23; GCF_900110695.1, s__Lentibacillus subterraneus, 95.0, 78.42, 0.322; GCF_017873675.1, s__Lentibacillus litoralis, 95.0, 78.41, 0.325; GCF_013373365.1, s__Lentibacillus sp013373365, 95.0, 78.16, 0.204; GCF_000224785.1, s__Lentibacillus jeotgali, 95.0, 77.97, 0.203; GCF_900112045.1, s__Lentibacillus halodurans, 95.0, 77.83, 0.219; GCF_004565465.1, s__Lentibacillus salicampi, 95.0, 77.49, 0.202; GCA_001311805.1, s__Lentibacillus juripiscarius, 95.0, 77.26, 0.205	95.03	11	N/A	N/A	GCF_902806455.1_Q1616_genomic__
id84	d__Bacteria;p__Bacillota;c__Bacilli;o__Bacillales_D;f__Amphibacillaceae;g__Virgibacillus;s__Virgibacillus pantothenticus	GCF_018075365.1	95.0	d__Bacteria;p__Bacillota;c__Bacilli;o__Bacillales_D;f__Amphibacillaceae;g__Virgibacillus;s__Virgibacillus pantothenticus	99.52	0.907	GCF_018075365.1	95.0	d__Bacteria;p__Bacillota;c__Bacilli;o__Bacillales_D;f__Amphibacillaceae;g__Virgibacillus;s__Virgibacillus pantothenticus	99.52	0.907	d__Bacteria;p__Bacillota;c__Bacilli;o__Bacillales_D;f__Amphibacillaceae;g__Virgibacillus;s__	ani_screen	classification based on ANI only	GCA_009917385.1, s__Virgibacillus sp009917385, 95.0, 92.67, 0.839; GCF_900166595.1, s__Virgibacillus dokdonensis, 95.5968, 80.77, 0.549; GCF_900129865.1, s__Virgibacillus chiguensis, 95.5968, 80.52, 0.614; GCF_900162615.1, s__Virgibacillus proomii_A, 95.0, 80.41, 0.387; GCF_018916875.1, s__Virgibacillus proomii_B, 95.0, 79.76, 0.382	92.65	11	N/A	N/A	GCF_019037805.1_ASM1903780v1_genomic__
id85	d__Bacteria;p__Bacillota;c__Bacilli;o__Bacillales_D;f__Amphibacillaceae;g__Virgibacillus;s__Virgibacillus pantothenticus	GCF_018075365.1	95.0	d__Bacteria;p__Bacillota;c__Bacilli;o__Bacillales_D;f__Amphibacillaceae;g__Virgibacillus;s__Virgibacillus pantothenticus	99.49	0.907	GCF_018075365.1	95.0	d__Bacteria;p__Bacillota;c__Bacilli;o__Bacillales_D;f__Amphibacillaceae;g__Virgibacillus;s__Virgibacillus pantothenticus	99.49	0.907	d__Bacteria;p__Bacillota;c__Bacilli;o__Bacillales_D;f__Amphibacillaceae;g__Virgibacillus;s__	ani_screen	classification based on ANI only	GCA_009917385.1, s__Virgibacillus sp009917385, 95.0, 92.74, 0.837; GCF_900166595.1, s__Virgibacillus dokdonensis, 95.5968, 80.81, 0.548; GCF_900129865.1, s__Virgibacillus chiguensis, 95.5968, 80.55, 0.611; GCF_900162615.1, s__Virgibacillus proomii_A, 95.0, 80.41, 0.382; GCF_018916875.1, s__Virgibacillus proomii_B, 95.0, 79.84, 0.38	92.65	11	N/A	N/A	GCF_019037715.1_ASM1903771v1_genomic__
id86	d__Bacteria;p__Bacillota;c__Bacilli;o__Bacillales_D;f__Amphibacillaceae;g__Virgibacillus;s__Virgibacillus pantothenticus	GCF_018075365.1	95.0	d__Bacteria;p__Bacillota;c__Bacilli;o__Bacillales_D;f__Amphibacillaceae;g__Virgibacillus;s__Virgibacillus pantothenticus	99.47	0.907	GCF_018075365.1	95.0	d__Bacteria;p__Bacillota;c__Bacilli;o__Bacillales_D;f__Amphibacillaceae;g__Virgibacillus;s__Virgibacillus pantothenticus	99.47	0.907	d__Bacteria;p__Bacillota;c__Bacilli;o__Bacillales_D;f__Amphibacillaceae;g__Virgibacillus;s__	ani_screen	classification based on ANI only	GCA_009917385.1, s__Virgibacillus sp009917385, 95.0, 92.74, 0.842; GCF_900166595.1, s__Virgibacillus dokdonensis, 95.5968, 80.77, 0.554; GCF_900129865.1, s__Virgibacillus chiguensis, 95.5968, 80.48, 0.605; GCF_900162615.1, s__Virgibacillus proomii_A, 95.0, 80.39, 0.379; GCF_018916875.1, s__Virgibacillus proomii_B, 95.0, 79.78, 0.385	92.65	11	N/A	N/A	GCF_019037665.1_ASM1903766v1_genomic__
id87	d__Bacteria;p__Bacillota;c__Bacilli;o__Bacillales_D;f__Amphibacillaceae;g__Virgibacillus;s__Virgibacillus pantothenticus	GCF_018075365.1	95.0	d__Bacteria;p__Bacillota;c__Bacilli;o__Bacillales_D;f__Amphibacillaceae;g__Virgibacillus;s__Virgibacillus pantothenticus	99.48	0.909	GCF_018075365.1	95.0	d__Bacteria;p__Bacillota;c__Bacilli;o__Bacillales_D;f__Amphibacillaceae;g__Virgibacillus;s__Virgibacillus pantothenticus	99.48	0.909	d__Bacteria;p__Bacillota;c__Bacilli;o__Bacillales_D;f__Amphibacillaceae;g__Virgibacillus;s__	ani_screen	classification based on ANI only	GCA_009917385.1, s__Virgibacillus sp009917385, 95.0, 92.68, 0.84; GCF_900166595.1, s__Virgibacillus dokdonensis, 95.5968, 80.76, 0.545; GCF_900129865.1, s__Virgibacillus chiguensis, 95.5968, 80.56, 0.608; GCF_900162615.1, s__Virgibacillus proomii_A, 95.0, 80.41, 0.38; GCF_018916875.1, s__Virgibacillus proomii_B, 95.0, 79.9, 0.375	92.65	11	N/A	N/A	GCF_019037385.1_ASM1903738v1_genomic__
id88	d__Bacteria;p__Bacillota;c__Bacilli;o__Bacillales_D;f__Amphibacillaceae;g__Virgibacillus;s__Virgibacillus pantothenticus	GCF_018075365.1	95.0	d__Bacteria;p__Bacillota;c__Bacilli;o__Bacillales_D;f__Amphibacillaceae;g__Virgibacillus;s__Virgibacillus pantothenticus	99.49	0.909	GCF_018075365.1	95.0	d__Bacteria;p__Bacillota;c__Bacilli;o__Bacillales_D;f__Amphibacillaceae;g__Virgibacillus;s__Virgibacillus pantothenticus	99.49	0.909	d__Bacteria;p__Bacillota;c__Bacilli;o__Bacillales_D;f__Amphibacillaceae;g__Virgibacillus;s__	ani_screen	classification based on ANI only	GCA_009917385.1, s__Virgibacillus sp009917385, 95.0, 92.75, 0.835; GCF_900166595.1, s__Virgibacillus dokdonensis, 95.5968, 80.76, 0.546; GCF_900129865.1, s__Virgibacillus chiguensis, 95.5968, 80.55, 0.608; GCF_900162615.1, s__Virgibacillus proomii_A, 95.0, 80.4, 0.381; GCF_018916875.1, s__Virgibacillus proomii_B, 95.0, 79.8, 0.377	92.65	11	N/A	N/A	GCF_019037345.1_ASM1903734v1_genomic__
id89	d__Bacteria;p__Bacillota;c__Bacilli;o__Bacillales_D;f__Amphibacillaceae;g__Virgibacillus;s__Virgibacillus pantothenticus	GCF_018075365.1	95.0	d__Bacteria;p__Bacillota;c__Bacilli;o__Bacillales_D;f__Amphibacillaceae;g__Virgibacillus;s__Virgibacillus pantothenticus	99.48	0.904	GCF_018075365.1	95.0	d__Bacteria;p__Bacillota;c__Bacilli;o__Bacillales_D;f__Amphibacillaceae;g__Virgibacillus;s__Virgibacillus pantothenticus	99.48	0.904	d__Bacteria;p__Bacillota;c__Bacilli;o__Bacillales_D;f__Amphibacillaceae;g__Virgibacillus;s__	ani_screen	classification based on ANI only	GCA_009917385.1, s__Virgibacillus sp009917385, 95.0, 92.72, 0.837; GCF_900166595.1, s__Virgibacillus dokdonensis, 95.5968, 80.79, 0.538; GCF_900129865.1, s__Virgibacillus chiguensis, 95.5968, 80.53, 0.613; GCF_900162615.1, s__Virgibacillus proomii_A, 95.0, 80.42, 0.378; GCF_018916875.1, s__Virgibacillus proomii_B, 95.0, 79.81, 0.383	92.65	11	N/A	N/A	GCF_019037265.1_ASM1903726v1_genomic__
id9	d__Bacteria;p__Bacillota;c__Bacilli;o__Bacillales_D;f__Amphibacillaceae;g__Virgibacillus_F;s__Virgibacillus_F necropolis	GCF_002224365.1	95.0	d__Bacteria;p__Bacillota;c__Bacilli;o__Bacillales_D;f__Amphibacillaceae;g__Virgibacillus_F;s__Virgibacillus_F necropolis	100.0	0.999	GCF_002224365.1	95.0	d__Bacteria;p__Bacillota;c__Bacilli;o__Bacillales_D;f__Amphibacillaceae;g__Virgibacillus_F;s__Virgibacillus_F necropolis	100.0	0.999	d__Bacteria;p__Bacillota;c__Bacilli;o__Bacillales_D;f__Amphibacillaceae;g__Virgibacillus_F;s__	ani_screen	classification based on ANI only	GCF_002216775.1, s__Virgibacillus_F phasianinus, 95.0, 79.87, 0.436	95.07	11	N/A	N/A	GCF_002224365.1_ASM222436v1_genomic__
id90	d__Bacteria;p__Bacillota;c__Bacilli;o__Bacillales_D;f__Amphibacillaceae;g__MSJ-26;s__MSJ-26 sp018918075	GCF_018918075.1	95.0	d__Bacteria;p__Bacillota;c__Bacilli;o__Bacillales_D;f__Amphibacillaceae;g__MSJ-26;s__MSJ-26 sp018918075	100.0	0.998	GCF_018918075.1	95.0	d__Bacteria;p__Bacillota;c__Bacilli;o__Bacillales_D;f__Amphibacillaceae;g__MSJ-26;s__MSJ-26 sp018918075	100.0	0.998	d__Bacteria;p__Bacillota;c__Bacilli;o__Bacillales_D;f__Amphibacillaceae;g__;s__	ani_screen	classification based on ANI only	N/A	95.01	11	N/A	N/A	GCF_018918075.1_ASM1891807v1_genomic__
id91	d__Bacteria;p__Bacillota;c__Bacilli;o__Bacillales_D;f__Amphibacillaceae;g__Virgibacillus;s__Virgibacillus proomii_B	GCF_018916875.1	95.0	d__Bacteria;p__Bacillota;c__Bacilli;o__Bacillales_D;f__Amphibacillaceae;g__Virgibacillus;s__Virgibacillus proomii_B	100.0	1.0	GCF_018916875.1	95.0	d__Bacteria;p__Bacillota;c__Bacilli;o__Bacillales_D;f__Amphibacillaceae;g__Virgibacillus;s__Virgibacillus proomii_B	100.0	1.0	d__Bacteria;p__Bacillota;c__Bacilli;o__Bacillales_D;f__Amphibacillaceae;g__Virgibacillus;s__	ani_screen	classification based on ANI only	GCF_900162615.1, s__Virgibacillus proomii_A, 95.0, 93.48, 0.826; GCF_018075365.1, s__Virgibacillus pantothenticus, 95.0, 79.54, 0.391; GCA_009917385.1, s__Virgibacillus sp009917385, 95.0, 79.08, 0.359; GCF_900129865.1, s__Virgibacillus chiguensis, 95.5968, 78.21, 0.289; GCF_900166595.1, s__Virgibacillus dokdonensis, 95.5968, 78.13, 0.33; GCF_016919725.2, s__Virgibacillus sp016919725, 95.0, 77.86, 0.203; GCF_014905415.1, s__Virgibacillus salexigens, 95.0, 77.85, 0.202	93.51	11	N/A	N/A	GCF_018916875.1_ASM1891687v1_genomic__
id92	d__Bacteria;p__Bacillota;c__Bacilli;o__Bacillales_D;f__Amphibacillaceae;g__Virgibacillus;s__Virgibacillus pantothenticus	GCF_018075365.1	95.0	d__Bacteria;p__Bacillota;c__Bacilli;o__Bacillales_D;f__Amphibacillaceae;g__Virgibacillus;s__Virgibacillus pantothenticus	99.51	0.947	GCF_018075365.1	95.0	d__Bacteria;p__Bacillota;c__Bacilli;o__Bacillales_D;f__Amphibacillaceae;g__Virgibacillus;s__Virgibacillus pantothenticus	99.51	0.947	d__Bacteria;p__Bacillota;c__Bacilli;o__Bacillales_D;f__Amphibacillaceae;g__Virgibacillus;s__	ani_screen	classification based on ANI only	GCA_009917385.1, s__Virgibacillus sp009917385, 95.0, 92.67, 0.853; GCF_900166595.1, s__Virgibacillus dokdonensis, 95.5968, 80.92, 0.54; GCF_900129865.1, s__Virgibacillus chiguensis, 95.5968, 80.48, 0.602; GCF_900162615.1, s__Virgibacillus proomii_A, 95.0, 80.15, 0.372; GCF_018916875.1, s__Virgibacillus proomii_B, 95.0, 79.71, 0.381	92.65	11	N/A	N/A	GCF_018403365.1_ASM1840336v1_genomic__
id93	d__Bacteria;p__Bacillota;c__Bacilli;o__Bacillales_D;f__Amphibacillaceae;g__Virgibacillus;s__Virgibacillus pantothenticus	GCF_018075365.1	95.0	d__Bacteria;p__Bacillota;c__Bacilli;o__Bacillales_D;f__Amphibacillaceae;g__Virgibacillus;s__Virgibacillus pantothenticus	99.52	0.95	GCF_018075365.1	95.0	d__Bacteria;p__Bacillota;c__Bacilli;o__Bacillales_D;f__Amphibacillaceae;g__Virgibacillus;s__Virgibacillus pantothenticus	99.52	0.95	d__Bacteria;p__Bacillota;c__Bacilli;o__Bacillales_D;f__Amphibacillaceae;g__Virgibacillus;s__	ani_screen	classification based on ANI only	GCA_009917385.1, s__Virgibacillus sp009917385, 95.0, 92.64, 0.843; GCF_900166595.1, s__Virgibacillus dokdonensis, 95.5968, 80.84, 0.559; GCF_900129865.1, s__Virgibacillus chiguensis, 95.5968, 80.41, 0.61; GCF_900162615.1, s__Virgibacillus proomii_A, 95.0, 80.31, 0.381; GCF_018916875.1, s__Virgibacillus proomii_B, 95.0, 79.89, 0.374	92.65	11	N/A	N/A	GCF_018383555.1_ASM1838355v1_genomic__
id94	d__Bacteria;p__Bacillota;c__Bacilli;o__Bacillales_D;f__Amphibacillaceae;g__Lentibacillus;s__Lentibacillus ihumii	GCF_902726655.1	95.0	d__Bacteria;p__Bacillota;c__Bacilli;o__Bacillales_D;f__Amphibacillaceae;g__Lentibacillus;s__Lentibacillus ihumii	100.0	0.999	GCF_902726655.1	95.0	d__Bacteria;p__Bacillota;c__Bacilli;o__Bacillales_D;f__Amphibacillaceae;g__Lentibacillus;s__Lentibacillus ihumii	100.0	0.999	d__Bacteria;p__Bacillota;c__Bacilli;o__Bacillales_D;f__Amphibacillaceae;g__Lentibacillus;s__	ani_screen	classification based on ANI only	GCF_900162695.1, s__Lentibacillus siamensis, 95.0, 80.59, 0.559; GCF_902806455.1, s__Lentibacillus doumboii, 95.0, 78.7, 0.235	95.11	11	N/A	N/A	GCF_902726655.1_PRJEB35829_genomic__
id95	d__Bacteria;p__Bacillota;c__Bacilli;o__Bacillales_D;f__Amphibacillaceae;g__Virgibacillus_E;s__Virgibacillus_E populi	GCA_014642895.1	95.0	d__Bacteria;p__Bacillota;c__Bacilli;o__Bacillales_D;f__Amphibacillaceae;g__Virgibacillus_E;s__Virgibacillus_E populi	99.04	0.855	GCA_014642895.1	95.0	d__Bacteria;p__Bacillota;c__Bacilli;o__Bacillales_D;f__Amphibacillaceae;g__Virgibacillus_E;s__Virgibacillus_E populi	99.04	0.855	d__Bacteria;p__Bacillota;c__Bacilli;o__Bacillales_D;f__Amphibacillaceae;g__Virgibacillus_E;s__	ani_screen	classification based on ANI only	GCF_900258515.1, s__Virgibacillus_E sp900258515, 95.0, 79.12, 0.39; GCF_900187325.1, s__Virgibacillus_E ndiopensis, 95.0, 78.24, 0.246; GCF_014638995.1, s__Virgibacillus_E oceani, 95.0, 77.85, 0.253	96.74	11	N/A	N/A	GCF_018603665.1_ASM1860366v1_genomic__
id96	d__Bacteria;p__Bacillota;c__Bacilli;o__Bacillales_D;f__Amphibacillaceae;g__Virgibacillus;s__Virgibacillus sp016919725	GCF_016919725.2	95.0	d__Bacteria;p__Bacillota;c__Bacilli;o__Bacillales_D;f__Amphibacillaceae;g__Virgibacillus;s__Virgibacillus sp016919725	99.5	0.906	GCF_016919725.2	95.0	d__Bacteria;p__Bacillota;c__Bacilli;o__Bacillales_D;f__Amphibacillaceae;g__Virgibacillus;s__Virgibacillus sp016919725	99.5	0.906	d__Bacteria;p__Bacillota;c__Bacilli;o__Bacillales_D;f__Amphibacillaceae;g__Virgibacillus;s__	ani_screen	classification based on ANI only	GCF_014905415.1, s__Virgibacillus salexigens, 95.0, 79.1, 0.347; GCF_018916875.1, s__Virgibacillus proomii_B, 95.0, 77.89, 0.223; GCF_900162615.1, s__Virgibacillus proomii_A, 95.0, 77.79, 0.204; GCF_018075365.1, s__Virgibacillus pantothenticus, 95.0, 77.75, 0.173	94.26	11	N/A	N/A	GCF_018139605.1_ASM1813960v1_genomic__
id97	d__Bacteria;p__Bacillota;c__Bacilli;o__Bacillales_D;f__Amphibacillaceae;g__Virgibacillus;s__Virgibacillus pantothenticus	GCF_018075365.1	95.0	d__Bacteria;p__Bacillota;c__Bacilli;o__Bacillales_D;f__Amphibacillaceae;g__Virgibacillus;s__Virgibacillus pantothenticus	100.0	0.998	GCF_018075365.1	95.0	d__Bacteria;p__Bacillota;c__Bacilli;o__Bacillales_D;f__Amphibacillaceae;g__Virgibacillus;s__Virgibacillus pantothenticus	100.0	0.998	d__Bacteria;p__Bacillota;c__Bacilli;o__Bacillales_D;f__Amphibacillaceae;g__Virgibacillus;s__	ani_screen	classification based on ANI only	GCA_009917385.1, s__Virgibacillus sp009917385, 95.0, 92.62, 0.857; GCF_900166595.1, s__Virgibacillus dokdonensis, 95.5968, 81.07, 0.559; GCF_900129865.1, s__Virgibacillus chiguensis, 95.5968, 80.45, 0.611; GCF_900162615.1, s__Virgibacillus proomii_A, 95.0, 80.36, 0.379; GCF_018916875.1, s__Virgibacillus proomii_B, 95.0, 79.54, 0.391	92.65	11	N/A	N/A	GCF_018075365.1_ASM1807536v1_genomic__
id98	d__Bacteria;p__Bacillota;c__Bacilli;o__Bacillales_D;f__Amphibacillaceae;g__Virgibacillus_B;s__Virgibacillus_B alimentarius	GCF_000709085.1	95.0	d__Bacteria;p__Bacillota;c__Bacilli;o__Bacillales_D;f__Amphibacillaceae;g__Virgibacillus_B;s__Virgibacillus_B alimentarius	99.59	0.925	GCF_000709085.1	95.0	d__Bacteria;p__Bacillota;c__Bacilli;o__Bacillales_D;f__Amphibacillaceae;g__Virgibacillus_B;s__Virgibacillus_B alimentarius	99.59	0.925	d__Bacteria;p__Bacillota;c__Bacilli;o__Bacillales_D;f__Amphibacillaceae;g__;s__	ani_screen	classification based on ANI only	N/A	93.37	11	N/A	N/A	GCF_017874635.1_ASM1787463v1_genomic__
id99	d__Bacteria;p__Bacillota;c__Bacilli;o__Bacillales_D;f__Amphibacillaceae;g__Virgibacillus_H;s__Virgibacillus_H natechei	GCF_017874115.1	95.0	d__Bacteria;p__Bacillota;c__Bacilli;o__Bacillales_D;f__Amphibacillaceae;g__Virgibacillus_H;s__Virgibacillus_H natechei	100.0	0.998	GCF_017874115.1	95.0	d__Bacteria;p__Bacillota;c__Bacilli;o__Bacillales_D;f__Amphibacillaceae;g__Virgibacillus_H;s__Virgibacillus_H natechei	100.0	0.998	d__Bacteria;p__Bacillota;c__Bacilli;o__Bacillales_D;f__Amphibacillaceae;g__Virgibacillus_H;s__	ani_screen	classification based on ANI only	GCF_021560035.1, s__Virgibacillus_H sp021560035, 95.0, 81.05, 0.524; GCF_019837165.1, s__Virgibacillus_H sp019837165, 95.0, 78.99, 0.367	94.36	11	N/A	N/A	GCF_017874115.1_ASM1787411v1_genomic__
